-- --------------------------------------------------------
-- Servidor:                     127.0.0.1
-- Versão do servidor:           8.0.13 - MySQL Community Server - GPL
-- OS do Servidor:               Win64
-- HeidiSQL Versão:              10.1.0.5464
-- --------------------------------------------------------

/*!40101 SET @OLD_CHARACTER_SET_CLIENT=@@CHARACTER_SET_CLIENT */;
/*!40101 SET NAMES utf8 */;
/*!50503 SET NAMES utf8mb4 */;
/*!40014 SET @OLD_FOREIGN_KEY_CHECKS=@@FOREIGN_KEY_CHECKS, FOREIGN_KEY_CHECKS=0 */;
/*!40101 SET @OLD_SQL_MODE=@@SQL_MODE, SQL_MODE='NO_AUTO_VALUE_ON_ZERO' */;


-- Copiando estrutura do banco de dados para gincana
DROP DATABASE IF EXISTS `gincana`;
CREATE DATABASE IF NOT EXISTS `gincana` /*!40100 DEFAULT CHARACTER SET utf8 */;
USE `gincana`;

-- Copiando estrutura para tabela gincana.ci_sessions
DROP TABLE IF EXISTS `ci_sessions`;
CREATE TABLE IF NOT EXISTS `ci_sessions` (
  `id` varchar(128) NOT NULL,
  `ip_address` varchar(45) NOT NULL,
  `timestamp` int(10) unsigned NOT NULL DEFAULT '0',
  `data` blob NOT NULL,
  KEY `ci_sessions_timestamp` (`timestamp`)
) ENGINE=InnoDB DEFAULT CHARSET=utf8;

-- Copiando dados para a tabela gincana.ci_sessions: ~46 rows (aproximadamente)
/*!40000 ALTER TABLE `ci_sessions` DISABLE KEYS */;
INSERT INTO `ci_sessions` (`id`, `ip_address`, `timestamp`, `data`) VALUES
	('n4665r1ba48rbkcit4c0dpkkn7td1moe', '127.0.0.1', 1557882299, _binary 0x5F5F63695F6C6173745F726567656E65726174657C693A313535373838323239313B),
	('38s04a7grb94r0g9ng06uptr9dg6imlf', '127.0.0.1', 1557882958, _binary 0x5F5F63695F6C6173745F726567656E65726174657C693A313535373838323935383B),
	('9j26q4fn9lqdn4lt2f2nq6dmgsg2c0fg', '127.0.0.1', 1557882700, _binary 0x5F5F63695F6C6173745F726567656E65726174657C693A313535373838323435303B),
	('d0q299220o3l1gpnfjjakjj1b4q1j09a', '127.0.0.1', 1557883021, _binary 0x5F5F63695F6C6173745F726567656E65726174657C693A313535373838323935383B),
	('b1m7gbhbfjhsd0g061fhri0db46vv660', '127.0.0.1', 1557958584, _binary 0x5F5F63695F6C6173745F726567656E65726174657C693A313535373935383537363B),
	('rl7t6239gudmmd251sa8ik9isbqbh5e5', '127.0.0.1', 1557958657, _binary 0x5F5F63695F6C6173745F726567656E65726174657C693A313535373935383635333B),
	('h6voe1sfdrg1auso092n4bv16meruata', '127.0.0.1', 1557959389, _binary 0x5F5F63695F6C6173745F726567656E65726174657C693A313535373935393338393B),
	('t3in229s7b59otcpnhsuls0vp95h4hpi', '::1', 1557958711, _binary 0x5F5F63695F6C6173745F726567656E65726174657C693A313535373935383731313B),
	('h4036k0db2inku8b87f1ppovcuf57nr6', '127.0.0.1', 1557959749, _binary 0x5F5F63695F6C6173745F726567656E65726174657C693A313535373935393734393B),
	('1d07oihujv5p492gbaj1o7sik6i6s4un', '127.0.0.1', 1557960060, _binary 0x5F5F63695F6C6173745F726567656E65726174657C693A313535373936303036303B69645573756172696F7C733A313A2231223B656D61696C7C733A31303A22614073656E61632E6272223B6C6F6761646F7C623A313B),
	('q5eet9jcfb2gajr18fkrc642mnp6dnlk', '127.0.0.1', 1557960363, _binary 0x5F5F63695F6C6173745F726567656E65726174657C693A313535373936303336333B69645573756172696F7C733A313A2231223B656D61696C7C733A31303A22614073656E61632E6272223B6C6F6761646F7C623A313B),
	('prderra2aaqooj816s2pti3vd6lohheu', '127.0.0.1', 1557961151, _binary 0x5F5F63695F6C6173745F726567656E65726174657C693A313535373936313135313B69645573756172696F7C733A313A2231223B656D61696C7C733A31303A22614073656E61632E6272223B6C6F6761646F7C623A313B),
	('4hiphat359ajsj2bgmi5mro4384dtne7', '127.0.0.1', 1557961693, _binary 0x5F5F63695F6C6173745F726567656E65726174657C693A313535373936313639333B69645573756172696F7C733A313A2231223B656D61696C7C733A31303A22614073656E61632E6272223B6C6F6761646F7C623A313B),
	('5o94g89dcn23fb61492gogmss56pl5as', '127.0.0.1', 1557962283, _binary 0x5F5F63695F6C6173745F726567656E65726174657C693A313535373936323238333B69645573756172696F7C733A313A2231223B656D61696C7C733A31303A22614073656E61632E6272223B6C6F6761646F7C623A313B),
	('9odvc82nhtuau5mp8fl96hrkme91liht', '127.0.0.1', 1557963043, _binary 0x5F5F63695F6C6173745F726567656E65726174657C693A313535373936333034333B69645573756172696F7C733A313A2231223B656D61696C7C733A31303A22614073656E61632E6272223B6C6F6761646F7C623A313B),
	('cvgm5vvdol80m00dv1r0c981i7nvic6b', '127.0.0.1', 1557964009, _binary 0x5F5F63695F6C6173745F726567656E65726174657C693A313535373936343030393B69645573756172696F7C733A313A2231223B656D61696C7C733A31303A22614073656E61632E6272223B6C6F6761646F7C623A313B),
	('3remak3btg3l59caj33rdhd7dj2h95ij', '127.0.0.1', 1557964356, _binary 0x5F5F63695F6C6173745F726567656E65726174657C693A313535373936343335363B69645573756172696F7C733A313A2231223B656D61696C7C733A31303A22614073656E61632E6272223B6C6F6761646F7C623A313B6D656E736167656D7C733A35363A223C64697620636C6173733D22616C65727420616C6572742D73756363657373223E50726F76612072656769737472616461213C2F6469763E223B5F5F63695F766172737C613A313A7B733A383A226D656E736167656D223B733A333A226F6C64223B7D),
	('mnrmotspbrmto7bps4sgurndrl57ralr', '127.0.0.1', 1557964681, _binary 0x5F5F63695F6C6173745F726567656E65726174657C693A313535373936343638313B69645573756172696F7C733A313A2231223B656D61696C7C733A31303A22614073656E61632E6272223B6C6F6761646F7C623A313B),
	('t3of0g1smper6kv7h1lq04568mk0t0qj', '127.0.0.1', 1557965084, _binary 0x5F5F63695F6C6173745F726567656E65726174657C693A313535373936353038343B69645573756172696F7C733A313A2231223B656D61696C7C733A31303A22614073656E61632E6272223B6C6F6761646F7C623A313B6D656E736167656D7C733A35383A223C64697620636C6173733D22616C65727420616C6572742D73756363657373223E5375636573736F20616F2064656C657461722E3C2F6469763E223B5F5F63695F766172737C613A313A7B733A383A226D656E736167656D223B733A333A226F6C64223B7D),
	('r2162k0laobevppmdk46lnstjp41dngu', '127.0.0.1', 1557965581, _binary 0x5F5F63695F6C6173745F726567656E65726174657C693A313535373936353538313B69645573756172696F7C733A313A2231223B656D61696C7C733A31303A22614073656E61632E6272223B6C6F6761646F7C623A313B),
	('1khsc4ca42qf1hl5cm9b875k6lo7p867', '127.0.0.1', 1557965897, _binary 0x5F5F63695F6C6173745F726567656E65726174657C693A313535373936353839373B69645573756172696F7C733A313A2231223B656D61696C7C733A31303A22614073656E61632E6272223B6C6F6761646F7C623A313B),
	('j9trtiu1qssjmnhh59t7n54v951rqaq1', '127.0.0.1', 1557966199, _binary 0x5F5F63695F6C6173745F726567656E65726174657C693A313535373936363139393B69645573756172696F7C733A313A2231223B656D61696C7C733A31303A22614073656E61632E6272223B6C6F6761646F7C623A313B),
	('fgf52dn59iv3dq58g439evtpo53kg6h5', '127.0.0.1', 1557967002, _binary 0x5F5F63695F6C6173745F726567656E65726174657C693A313535373936373030323B69645573756172696F7C733A313A2231223B656D61696C7C733A31303A22614073656E61632E6272223B6C6F6761646F7C623A313B),
	('1cn3p7aht6fgsfdku3ef6t549vhccccu', '127.0.0.1', 1557967577, _binary 0x5F5F63695F6C6173745F726567656E65726174657C693A313535373936373537373B69645573756172696F7C733A313A2231223B656D61696C7C733A31303A22614073656E61632E6272223B6C6F6761646F7C623A313B),
	('ee57mhbu62fhk67n111nr99j119r4bbr', '127.0.0.1', 1557968260, _binary 0x5F5F63695F6C6173745F726567656E65726174657C693A313535373936383236303B69645573756172696F7C733A313A2231223B656D61696C7C733A31303A22614073656E61632E6272223B6C6F6761646F7C623A313B6D656E736167656D7C733A35383A223C64697620636C6173733D22616C65727420616C6572742D73756363657373223E5375636573736F20616F2064656C657461722E3C2F6469763E223B5F5F63695F766172737C613A313A7B733A383A226D656E736167656D223B733A333A226F6C64223B7D),
	('bc24hkko547rcgki30c464g6tnoe4kl4', '127.0.0.1', 1557969104, _binary 0x5F5F63695F6C6173745F726567656E65726174657C693A313535373936393130343B69645573756172696F7C733A313A2231223B656D61696C7C733A31303A22614073656E61632E6272223B6C6F6761646F7C623A313B),
	('8k40qc55ukh5rgai23f427tsf6bcrmtr', '127.0.0.1', 1557968598, _binary 0x5F5F63695F6C6173745F726567656E65726174657C693A313535373936383539383B69645573756172696F7C733A313A2231223B656D61696C7C733A31303A22614073656E61632E6272223B6C6F6761646F7C623A313B),
	('km2efbektup316v1vit3vj8ljgj1rhvk', '127.0.0.1', 1557969190, _binary 0x5F5F63695F6C6173745F726567656E65726174657C693A313535373936393130343B69645573756172696F7C733A313A2231223B656D61696C7C733A31303A22614073656E61632E6272223B6C6F6761646F7C623A313B6D656E736167656D7C733A35383A223C64697620636C6173733D22616C65727420616C6572742D73756363657373223E5375636573736F20616F2064656C657461722E3C2F6469763E223B5F5F63695F766172737C613A313A7B733A383A226D656E736167656D223B733A333A226F6C64223B7D),
	('ji3rs3pgfjsrmu5c4vqb2fis4kds3fkm', '127.0.0.1', 1558044679, _binary 0x5F5F63695F6C6173745F726567656E65726174657C693A313535383034343637393B),
	('bir38eafi88u25lgo8h37qdrltmustcm', '127.0.0.1', 1558046432, _binary 0x5F5F63695F6C6173745F726567656E65726174657C693A313535383034363433323B69645573756172696F7C733A313A2231223B656D61696C7C733A31303A22614073656E61632E6272223B6C6F6761646F7C623A313B),
	('0k7lmqqvnmhqerbnv8b4337d457oh3qn', '127.0.0.1', 1558046960, _binary 0x5F5F63695F6C6173745F726567656E65726174657C693A313535383034363936303B69645573756172696F7C733A313A2231223B656D61696C7C733A31303A22614073656E61632E6272223B6C6F6761646F7C623A313B),
	('bvselone3ini4u7p8b7n25etvk1cp8fn', '127.0.0.1', 1558047339, _binary 0x5F5F63695F6C6173745F726567656E65726174657C693A313535383034373333393B69645573756172696F7C733A313A2235223B656D61696C7C733A373A226140612E636F6D223B6C6F6761646F7C623A313B),
	('5dh0bccpdeualk6nsvga3b2374n6bteq', '127.0.0.1', 1558048263, _binary 0x5F5F63695F6C6173745F726567656E65726174657C693A313535383034383236333B69645573756172696F7C733A323A223131223B656D61696C7C733A373A226140612E636F6D223B6C6F6761646F7C623A313B6D656E736167656D7C733A36333A223C64697620636C6173733D22616C65727420616C6572742D73756363657373223E4E6F766F207573756172696F207265676973747261646F213C2F6469763E223B5F5F63695F766172737C613A313A7B733A383A226D656E736167656D223B733A333A226F6C64223B7D),
	('3j5a3bui8s7qs14erd3i5i7s4aijtjh8', '127.0.0.1', 1558048899, _binary 0x5F5F63695F6C6173745F726567656E65726174657C693A313535383034383839393B69645573756172696F7C733A323A223133223B656D61696C7C733A31313A226D6172636F40612E636F6D223B6C6F6761646F7C623A313B61646D696E7C733A313A2230223B6D656E736167656D7C733A36363A223C64697620636C6173733D22616C65727420616C6572742D64616E676572223E53454D205045524D495353C3834F20504152412044454C455441522E3C2F6469763E223B5F5F63695F766172737C613A313A7B733A383A226D656E736167656D223B733A333A226F6C64223B7D),
	('n7hg0g0ttsbtn53s0f52nrumc0er9k5j', '127.0.0.1', 1558051739, _binary 0x5F5F63695F6C6173745F726567656E65726174657C693A313535383035313733393B69645573756172696F7C733A323A223134223B656D61696C7C733A31313A226D6172636F40612E636F6D223B6C6F6761646F7C623A313B61646D696E7C733A313A2230223B),
	('63lm9ig48836me5dg60ne6crvtctnih0', '127.0.0.1', 1558052043, _binary 0x5F5F63695F6C6173745F726567656E65726174657C693A313535383035323034333B69645573756172696F7C733A323A223134223B656D61696C7C733A31313A226D6172636F40612E636F6D223B6C6F6761646F7C623A313B61646D696E7C733A313A2230223B),
	('0922ufl7m3r8r3a0oockg9uucaj7rkpb', '127.0.0.1', 1558052524, _binary 0x5F5F63695F6C6173745F726567656E65726174657C693A313535383035323532343B69645573756172696F7C733A323A223134223B656D61696C7C733A31313A226D6172636F40612E636F6D223B6C6F6761646F7C623A313B61646D696E7C733A313A2230223B),
	('6i6m814rdcbr1fk11cte9miaeq7evpcs', '127.0.0.1', 1558052859, _binary 0x5F5F63695F6C6173745F726567656E65726174657C693A313535383035323835393B69645573756172696F7C733A323A223134223B656D61696C7C733A31313A226D6172636F40612E636F6D223B6C6F6761646F7C623A313B61646D696E7C733A313A2230223B),
	('j9tn80in1hj5vqtuj33g2isrc6ut8f0i', '127.0.0.1', 1558053176, _binary 0x5F5F63695F6C6173745F726567656E65726174657C693A313535383035333137363B69645573756172696F7C733A323A223134223B656D61696C7C733A31313A226D6172636F40612E636F6D223B6C6F6761646F7C623A313B61646D696E7C733A313A2230223B),
	('7pe69torh5kd0lb1nsi81ekpa68ijjpf', '127.0.0.1', 1558053487, _binary 0x5F5F63695F6C6173745F726567656E65726174657C693A313535383035333438373B69645573756172696F7C733A323A223134223B656D61696C7C733A31313A226D6172636F40612E636F6D223B6C6F6761646F7C623A313B61646D696E7C733A313A2230223B),
	('e5gbgvago0ucb28tes8b690rfbhcmct6', '127.0.0.1', 1558053850, _binary 0x5F5F63695F6C6173745F726567656E65726174657C693A313535383035333835303B69645573756172696F7C733A323A223134223B656D61696C7C733A31313A226D6172636F40612E636F6D223B6C6F6761646F7C623A313B61646D696E7C733A313A2230223B),
	('otmf5tc8seeho25m4p65ioqagg5unet3', '127.0.0.1', 1558054358, _binary 0x5F5F63695F6C6173745F726567656E65726174657C693A313535383035343335383B69645573756172696F7C733A323A223134223B656D61696C7C733A31313A226D6172636F40612E636F6D223B6C6F6761646F7C623A313B61646D696E7C733A313A2230223B),
	('da4bfiiojfug4g667h1f1mpga806lv7h', '127.0.0.1', 1558054838, _binary 0x5F5F63695F6C6173745F726567656E65726174657C693A313535383035343833383B69645573756172696F7C733A323A223134223B656D61696C7C733A31313A226D6172636F40612E636F6D223B6C6F6761646F7C623A313B61646D696E7C733A313A2230223B6D656E736167656D7C733A35383A223C64697620636C6173733D22616C65727420616C6572742D73756363657373223E5375636573736F20616F2064656C657461722E3C2F6469763E223B5F5F63695F766172737C613A313A7B733A383A226D656E736167656D223B733A333A226F6C64223B7D),
	('epsefk6hqiabhrpg45orrbgm2abir4mm', '127.0.0.1', 1558055146, _binary 0x5F5F63695F6C6173745F726567656E65726174657C693A313535383035353134363B69645573756172696F7C733A323A223134223B656D61696C7C733A31313A226D6172636F40612E636F6D223B6C6F6761646F7C623A313B61646D696E7C733A313A2230223B),
	('ephfp0m82ucke57danqjur7imppv3eph', '127.0.0.1', 1558055754, _binary 0x5F5F63695F6C6173745F726567656E65726174657C693A313535383035353735343B69645573756172696F7C733A323A223134223B656D61696C7C733A31313A226D6172636F40612E636F6D223B6C6F6761646F7C623A313B61646D696E7C733A313A2230223B6D656E736167656D7C733A35383A223C64697620636C6173733D22616C65727420616C6572742D73756363657373223E5375636573736F20616F2064656C657461722E3C2F6469763E223B5F5F63695F766172737C613A313A7B733A383A226D656E736167656D223B733A333A226F6C64223B7D),
	('vjslgl3fojef3ml5osqlh0djoqs7a61a', '127.0.0.1', 1558055959, _binary 0x5F5F63695F6C6173745F726567656E65726174657C693A313535383035353735343B69645573756172696F7C733A323A223134223B656D61696C7C733A31313A226D6172636F40612E636F6D223B6C6F6761646F7C623A313B61646D696E7C733A313A2230223B6D656E736167656D7C733A35353A223C64697620636C6173733D22616C65727420616C6572742D73756363657373223E45717569706520616C7465726164612E3C2F6469763E223B5F5F63695F766172737C613A313A7B733A383A226D656E736167656D223B733A333A226F6C64223B7D);
/*!40000 ALTER TABLE `ci_sessions` ENABLE KEYS */;

-- Copiando estrutura para tabela gincana.equipe
DROP TABLE IF EXISTS `equipe`;
CREATE TABLE IF NOT EXISTS `equipe` (
  `id` int(11) NOT NULL AUTO_INCREMENT,
  `nome` varchar(200) NOT NULL,
  `imagem` varchar(200) DEFAULT NULL,
  PRIMARY KEY (`id`)
) ENGINE=InnoDB AUTO_INCREMENT=14 DEFAULT CHARSET=utf8;

-- Copiando dados para a tabela gincana.equipe: ~3 rows (aproximadamente)
/*!40000 ALTER TABLE `equipe` DISABLE KEYS */;
INSERT INTO `equipe` (`id`, `nome`, `imagem`) VALUES
	(3, 'Sonserina', '98089950eea3ab2ebf30509fd2295c39.jpg'),
	(4, 'Grifinória', '5cfc9a0fe5d188214c20d917e2e7f5fb.jpg'),
	(5, 'Lufa-lufa', '4c480f7916d839e1b1e2c23ceaa66a73.jpg');
/*!40000 ALTER TABLE `equipe` ENABLE KEYS */;

-- Copiando estrutura para tabela gincana.integrante
DROP TABLE IF EXISTS `integrante`;
CREATE TABLE IF NOT EXISTS `integrante` (
  `id` int(11) NOT NULL AUTO_INCREMENT,
  `id_equipe` int(11) NOT NULL,
  `nome` varchar(100) NOT NULL,
  `data_nasc` date DEFAULT NULL,
  `rg` varchar(11) DEFAULT NULL,
  `cpf` varchar(14) DEFAULT NULL,
  PRIMARY KEY (`id`),
  KEY `FK_integrante_equipe` (`id_equipe`),
  CONSTRAINT `FK_integrante_equipe` FOREIGN KEY (`id_equipe`) REFERENCES `equipe` (`id`)
) ENGINE=InnoDB AUTO_INCREMENT=14 DEFAULT CHARSET=utf8;

-- Copiando dados para a tabela gincana.integrante: ~3 rows (aproximadamente)
/*!40000 ALTER TABLE `integrante` DISABLE KEYS */;
INSERT INTO `integrante` (`id`, `id_equipe`, `nome`, `data_nasc`, `rg`, `cpf`) VALUES
	(8, 3, 'Henrique', '0000-00-00', '', ''),
	(9, 4, 'Pedro', '0000-00-00', '', ''),
	(13, 4, 'aaaaaa', '0000-00-00', '', '');
/*!40000 ALTER TABLE `integrante` ENABLE KEYS */;

-- Copiando estrutura para tabela gincana.pontuacao
DROP TABLE IF EXISTS `pontuacao`;
CREATE TABLE IF NOT EXISTS `pontuacao` (
  `id` int(11) NOT NULL AUTO_INCREMENT,
  `id_equipe` int(11) NOT NULL,
  `id_prova` int(11) NOT NULL,
  `id_usuario` int(11) DEFAULT NULL,
  `pontos` float NOT NULL,
  `data_hora` datetime DEFAULT NULL,
  PRIMARY KEY (`id`),
  KEY `FK_pontuacao_equipe` (`id_equipe`),
  KEY `FK_pontuacao_prova` (`id_prova`),
  KEY `FK_pontuacao_usuario` (`id_usuario`),
  CONSTRAINT `FK_pontuacao_equipe` FOREIGN KEY (`id_equipe`) REFERENCES `equipe` (`id`),
  CONSTRAINT `FK_pontuacao_prova` FOREIGN KEY (`id_prova`) REFERENCES `prova` (`id`),
  CONSTRAINT `FK_pontuacao_usuario` FOREIGN KEY (`id_usuario`) REFERENCES `usuario` (`id`)
) ENGINE=InnoDB AUTO_INCREMENT=24 DEFAULT CHARSET=utf8;

-- Copiando dados para a tabela gincana.pontuacao: ~6 rows (aproximadamente)
/*!40000 ALTER TABLE `pontuacao` DISABLE KEYS */;
INSERT INTO `pontuacao` (`id`, `id_equipe`, `id_prova`, `id_usuario`, `pontos`, `data_hora`) VALUES
	(18, 3, 19, 14, 35, '2019-05-16 20:28:18'),
	(19, 3, 22, 14, 0, '2019-05-16 20:27:20'),
	(20, 4, 19, 14, 1, '2019-05-16 20:27:27'),
	(21, 4, 22, 14, 100, '2019-05-16 20:27:35'),
	(22, 5, 19, 14, 10, '2019-05-16 20:27:47'),
	(23, 5, 22, 14, 30, '2019-05-16 20:27:55');
/*!40000 ALTER TABLE `pontuacao` ENABLE KEYS */;

-- Copiando estrutura para tabela gincana.prova
DROP TABLE IF EXISTS `prova`;
CREATE TABLE IF NOT EXISTS `prova` (
  `id` int(11) NOT NULL AUTO_INCREMENT,
  `nome` varchar(50) NOT NULL,
  `tempo` int(11) DEFAULT NULL,
  `descricao` text,
  `NIntegrantes` int(11) DEFAULT NULL,
  PRIMARY KEY (`id`)
) ENGINE=InnoDB AUTO_INCREMENT=26 DEFAULT CHARSET=utf8;

-- Copiando dados para a tabela gincana.prova: ~2 rows (aproximadamente)
/*!40000 ALTER TABLE `prova` DISABLE KEYS */;
INSERT INTO `prova` (`id`, `nome`, `tempo`, `descricao`, `NIntegrantes`) VALUES
	(19, 'Corrida', 10, 'B', 20),
	(22, 'Futi', 12, 'aaa', 10);
/*!40000 ALTER TABLE `prova` ENABLE KEYS */;

-- Copiando estrutura para tabela gincana.usuario
DROP TABLE IF EXISTS `usuario`;
CREATE TABLE IF NOT EXISTS `usuario` (
  `id` int(11) NOT NULL AUTO_INCREMENT,
  `email` varchar(200) NOT NULL,
  `senha` varchar(80) NOT NULL,
  `nome` varchar(100) DEFAULT NULL,
  `admin` tinyint(4) DEFAULT '0',
  PRIMARY KEY (`id`)
) ENGINE=InnoDB AUTO_INCREMENT=15 DEFAULT CHARSET=utf8;

-- Copiando dados para a tabela gincana.usuario: ~2 rows (aproximadamente)
/*!40000 ALTER TABLE `usuario` DISABLE KEYS */;
INSERT INTO `usuario` (`id`, `email`, `senha`, `nome`, `admin`) VALUES
	(11, 'a@a.com', '787d95b294ea3dfe7acd8fc82dce8e7148b1b2c3', 'Admin', 1),
	(14, 'marco@a.com', '787d95b294ea3dfe7acd8fc82dce8e7148b1b2c3', 'marco', 0);
/*!40000 ALTER TABLE `usuario` ENABLE KEYS */;

/*!40101 SET SQL_MODE=IFNULL(@OLD_SQL_MODE, '') */;
/*!40014 SET FOREIGN_KEY_CHECKS=IF(@OLD_FOREIGN_KEY_CHECKS IS NULL, 1, @OLD_FOREIGN_KEY_CHECKS) */;
/*!40101 SET CHARACTER_SET_CLIENT=@OLD_CHARACTER_SET_CLIENT */;
