-- --------------------------------------------------------
-- Servidor:                     127.0.0.1
-- Versão do servidor:           8.0.13 - MySQL Community Server - GPL
-- OS do Servidor:               Win64
-- HeidiSQL Versão:              10.1.0.5464
-- --------------------------------------------------------

/*!40101 SET @OLD_CHARACTER_SET_CLIENT=@@CHARACTER_SET_CLIENT */;
/*!40101 SET NAMES utf8 */;
/*!50503 SET NAMES utf8mb4 */;
/*!40014 SET @OLD_FOREIGN_KEY_CHECKS=@@FOREIGN_KEY_CHECKS, FOREIGN_KEY_CHECKS=0 */;
/*!40101 SET @OLD_SQL_MODE=@@SQL_MODE, SQL_MODE='NO_AUTO_VALUE_ON_ZERO' */;


-- Copiando estrutura do banco de dados para projetointegrador
DROP DATABASE IF EXISTS `projetointegrador`;
CREATE DATABASE IF NOT EXISTS `projetointegrador` /*!40100 DEFAULT CHARACTER SET utf8 */;
USE `projetointegrador`;

-- Copiando estrutura para tabela projetointegrador.categoria
DROP TABLE IF EXISTS `categoria`;
CREATE TABLE IF NOT EXISTS `categoria` (
  `id` int(10) unsigned NOT NULL AUTO_INCREMENT,
  `nome` varchar(50) NOT NULL,
  PRIMARY KEY (`id`)
) ENGINE=InnoDB AUTO_INCREMENT=13 DEFAULT CHARSET=utf8;

-- Copiando dados para a tabela projetointegrador.categoria: ~3 rows (aproximadamente)
/*!40000 ALTER TABLE `categoria` DISABLE KEYS */;
INSERT INTO `categoria` (`id`, `nome`) VALUES
	(1, 'Esportes'),
	(4, 'E-sports'),
	(12, 'Tecnologia');
/*!40000 ALTER TABLE `categoria` ENABLE KEYS */;

-- Copiando estrutura para tabela projetointegrador.ci_sessions
DROP TABLE IF EXISTS `ci_sessions`;
CREATE TABLE IF NOT EXISTS `ci_sessions` (
  `id` varchar(128) NOT NULL,
  `ip_address` varchar(45) NOT NULL,
  `timestamp` int(10) unsigned NOT NULL DEFAULT '0',
  `data` blob NOT NULL,
  KEY `ci_sessions_timestamp` (`timestamp`)
) ENGINE=InnoDB DEFAULT CHARSET=utf8;

-- Copiando dados para a tabela projetointegrador.ci_sessions: ~4 rows (aproximadamente)
/*!40000 ALTER TABLE `ci_sessions` DISABLE KEYS */;
INSERT INTO `ci_sessions` (`id`, `ip_address`, `timestamp`, `data`) VALUES
	('r3651qien6ejsur9nn46t9gapbhc6353', '127.0.0.1', 1561595155, _binary 0x5F5F63695F6C6173745F726567656E65726174657C693A313536313539353135353B69645573756172696F7C733A313A2231223B656D61696C7C733A32383A226D6172636F2E726F7A6F40616C756E6F2E73632E73656E61632E6272223B6C6F6761646F7C623A313B61646D696E7C733A313A2231223B),
	('ibv1fjavcss2icjg9k9h6hd0317adgbn', '127.0.0.1', 1561595503, _binary 0x5F5F63695F6C6173745F726567656E65726174657C693A313536313539353530333B69645573756172696F7C733A313A2231223B656D61696C7C733A32383A226D6172636F2E726F7A6F40616C756E6F2E73632E73656E61632E6272223B6C6F6761646F7C623A313B61646D696E7C733A313A2231223B),
	('ulod37es9al5d615eb89hlfv932k9kdo', '127.0.0.1', 1561595866, _binary 0x5F5F63695F6C6173745F726567656E65726174657C693A313536313539353836363B69645573756172696F7C733A313A2231223B656D61696C7C733A32383A226D6172636F2E726F7A6F40616C756E6F2E73632E73656E61632E6272223B6C6F6761646F7C623A313B61646D696E7C733A313A2231223B),
	('imhc1j1umjsk52eafppqj1s341g25hcl', '127.0.0.1', 1561596492, _binary 0x5F5F63695F6C6173745F726567656E65726174657C693A313536313539363439323B69645573756172696F7C733A313A2231223B656D61696C7C733A32383A226D6172636F2E726F7A6F40616C756E6F2E73632E73656E61632E6272223B6C6F6761646F7C623A313B61646D696E7C733A313A2231223B),
	('qrm10kkvvqsh692q6gd66kckq78icrqc', '127.0.0.1', 1561596891, _binary 0x5F5F63695F6C6173745F726567656E65726174657C693A313536313539363839313B69645573756172696F7C733A313A2231223B656D61696C7C733A32383A226D6172636F2E726F7A6F40616C756E6F2E73632E73656E61632E6272223B6C6F6761646F7C623A313B61646D696E7C733A313A2231223B),
	('rdq7ag29pqrsnlhrds6p94g1s24ocpa6', '127.0.0.1', 1561597666, _binary 0x5F5F63695F6C6173745F726567656E65726174657C693A313536313539373636363B69645573756172696F7C733A313A2231223B656D61696C7C733A32383A226D6172636F2E726F7A6F40616C756E6F2E73632E73656E61632E6272223B6C6F6761646F7C623A313B61646D696E7C733A313A2231223B),
	('ogao1hdqvvcvj1v536l1nk130cqcavjk', '127.0.0.1', 1561597866, _binary 0x5F5F63695F6C6173745F726567656E65726174657C693A313536313539373735373B69645573756172696F7C733A313A2231223B656D61696C7C733A32383A226D6172636F2E726F7A6F40616C756E6F2E73632E73656E61632E6272223B6C6F6761646F7C623A313B61646D696E7C733A313A2231223B),
	('9peborpkrm3b79d3ngvvgj7arvsh4t82', '127.0.0.1', 1561673673, _binary 0x5F5F63695F6C6173745F726567656E65726174657C693A313536313637333636383B);
/*!40000 ALTER TABLE `ci_sessions` ENABLE KEYS */;

-- Copiando estrutura para tabela projetointegrador.contador
DROP TABLE IF EXISTS `contador`;
CREATE TABLE IF NOT EXISTS `contador` (
  `id` int(11) NOT NULL AUTO_INCREMENT,
  `data` datetime DEFAULT NULL,
  `ip` varchar(50) DEFAULT NULL,
  `cd_noticia` int(11) DEFAULT NULL,
  PRIMARY KEY (`id`)
) ENGINE=InnoDB AUTO_INCREMENT=10 DEFAULT CHARSET=utf8;

-- Copiando dados para a tabela projetointegrador.contador: ~0 rows (aproximadamente)
/*!40000 ALTER TABLE `contador` DISABLE KEYS */;
INSERT INTO `contador` (`id`, `data`, `ip`, `cd_noticia`) VALUES
	(1, '0000-00-00 00:00:00', '127.0.0.1', 36),
	(2, '0000-00-00 00:00:00', '127.0.0.1', 52),
	(3, '2019-06-27 00:49:19', '127.0.0.1', 53),
	(4, '2019-06-26 21:52:00', '127.0.0.1', 53),
	(5, '2019-06-26 21:54:52', '127.0.0.1', 53),
	(6, '2019-06-26 21:55:09', '127.0.0.1', 53),
	(7, '2019-06-26 21:55:13', '127.0.0.1', 53),
	(8, '2019-06-26 21:55:16', '127.0.0.1', 53),
	(9, '2019-06-26 22:09:07', '127.0.0.1', 52);
/*!40000 ALTER TABLE `contador` ENABLE KEYS */;

-- Copiando estrutura para tabela projetointegrador.jornalista
DROP TABLE IF EXISTS `jornalista`;
CREATE TABLE IF NOT EXISTS `jornalista` (
  `id` int(10) unsigned NOT NULL AUTO_INCREMENT,
  `nome` varchar(100) NOT NULL,
  `email` varchar(50) NOT NULL,
  `senha` varchar(45) NOT NULL,
  `admin` tinyint(4) DEFAULT '0',
  PRIMARY KEY (`id`)
) ENGINE=InnoDB AUTO_INCREMENT=6 DEFAULT CHARSET=utf8;

-- Copiando dados para a tabela projetointegrador.jornalista: ~4 rows (aproximadamente)
/*!40000 ALTER TABLE `jornalista` DISABLE KEYS */;
INSERT INTO `jornalista` (`id`, `nome`, `email`, `senha`, `admin`) VALUES
	(1, 'Marco Antonio', 'marco.rozo@aluno.sc.senac.br', 'f8e0e5f662532fe682ea129ee633d20b6b94a997', 1),
	(2, 'Mayana Willemann', 'mayana@gmail.com', 'f8e0e5f662532fe682ea129ee633d20b6b94a997', 0),
	(3, 'Naruto', 'naruto@gmail.com', 'f8e0e5f662532fe682ea129ee633d20b6b94a997', 0),
	(4, 'Admin', 'admin@admin.com', 'f8e0e5f662532fe682ea129ee633d20b6b94a997', 0);
/*!40000 ALTER TABLE `jornalista` ENABLE KEYS */;

-- Copiando estrutura para tabela projetointegrador.noticia
DROP TABLE IF EXISTS `noticia`;
CREATE TABLE IF NOT EXISTS `noticia` (
  `id` int(10) unsigned NOT NULL AUTO_INCREMENT,
  `titulo` varchar(150) NOT NULL,
  `descricao` varchar(300) NOT NULL,
  `texto` text NOT NULL,
  `imagem` varchar(200) DEFAULT NULL,
  `data` date DEFAULT NULL,
  `hora` time DEFAULT NULL,
  `cd_categoria` int(10) unsigned NOT NULL,
  `cd_jornalista` int(10) unsigned NOT NULL,
  PRIMARY KEY (`id`),
  KEY `fk_tb_noticia_tb_categoria1_idx` (`cd_categoria`),
  KEY `fk_tb_noticia_tb_usuario1_idx` (`cd_jornalista`),
  CONSTRAINT `fk_tb_noticia_tb_categoria1` FOREIGN KEY (`cd_categoria`) REFERENCES `categoria` (`id`),
  CONSTRAINT `fk_tb_noticia_tb_usuario1` FOREIGN KEY (`cd_jornalista`) REFERENCES `jornalista` (`id`)
) ENGINE=InnoDB AUTO_INCREMENT=55 DEFAULT CHARSET=utf8;

-- Copiando dados para a tabela projetointegrador.noticia: ~15 rows (aproximadamente)
/*!40000 ALTER TABLE `noticia` DISABLE KEYS */;
INSERT INTO `noticia` (`id`, `titulo`, `descricao`, `texto`, `imagem`, `data`, `hora`, `cd_categoria`, `cd_jornalista`) VALUES
	(32, 'Jovens viram profissionais no Fifa e cobram por dicas', 'Brasileiros cobram até R$ 300 por dicas, que vão desde vendas de conteúdos, como manuais, a aulas particulares', '<p>&nbsp;</p>\r\n<p>O m&eacute;todo de Vinicius consiste em enfrentar os usu&aacute;rios que o contratam algumas vezes para identificar pontos fortes e pontos fracos e, ent&atilde;o, orient&aacute;-los sobre como corrigir os erros e potencializar caracter&iacute;sticas. "Durante a aula, eu vou fazendo v&aacute;rios amistosos e, em cada jogo, vou trabalhando a parte do ataque e depois a defesa, separados. Depois, juntamos os dois", explica o jogador. "No final, eu envio um documento com todas as dicas que eu passei para a pessoa memorizar e praticar."<br /><br />Allan Castello, 28, jogador profissional de FIFA, quatro vezes campe&atilde;o carioca, vice-campe&atilde;o da ESW 15 e vencedor da Manchester City Cup, tem um m&eacute;todo semelhante ao de Vinicius. Ele cobra R$ 200 por aula e tem em m&eacute;dia 13 alunos por m&ecirc;s, o que lhe d&aacute; uma renda m&eacute;dia de R$ 2.6 mil. "Comecei a viver somente do jogo no Fifa 15. Antes, no Fifa 14 eu j&aacute; tirava uma renda melhor do que no meu pr&oacute;prio trabalho, mas ainda tinha medo de largar a carteira assinada", conta o profissional, que come&ccedil;ou a dar aulas h&aacute; quatro anos.<br /><br />Allan faz parte de uma equipe chama MFT (Metralhas FIFA Team). Ele tem contrato com o time at&eacute; junho, recebe sal&aacute;rio mensal e b&ocirc;nus por classifica&ccedil;&otilde;es para eventos oficiais da EA (Electronic Arts, empresa desenvolvedora de jogos).&nbsp;<br />Matheus Overbeck, 21, come&ccedil;ou a ganhar dinheiro com o jogo aos 16 anos, disputando torneios online. Hoje, vende videoaulas, que custam de R$ 10 a R$ 50 reais, e junto com um amigo gerencia um grupo fechado no Whatsapp. O acesso custa R$ 15 por m&ecirc;s. Nele, Matheus envia dicas para um modo espec&iacute;fico do Fifa, o Ultimate Team.<br /><br />Esse modo do jogo permite aos usu&aacute;rios criarem equipes virtuais com jogadores das principais ligas do mundo. Para montar um time, &eacute; preciso acumular moedas atrav&eacute;s das partidas, objetivos alcan&ccedil;ados e, principalmente, com as transa&ccedil;&otilde;es no mercado de transfer&ecirc;ncias. "O mercado do Fifa &eacute; como o mercado de a&ccedil;&otilde;es. Existem fatores externos que fazem as a&ccedil;&otilde;es, nesse caso os jogadores, subirem ou descerem de pre&ccedil;o. Nossa fun&ccedil;&atilde;o &eacute; analisar esses fatores e prever essa movimenta&ccedil;&atilde;o para investir nos jogadores quando eles est&atilde;o em baixa", explica Matheus.<br /><br />O grupo criado por ele tem 110 pessoas. Neste m&ecirc;s, o faturamento ser&aacute; de R$ 1.730. A pr&aacute;tica citada &eacute; o que os usu&aacute;rios chamam de "trade" (negocia&ccedil;&atilde;o, em ingl&ecirc;s). Ao comprar uma carta por valor mais baixo do que ela vale e vender por seu valor real ou superior, eles acumulam moedas para comprar os jogadores desejados. Nomes como Cristiano Ronaldo, Messi e Neymar chegam a custar milh&otilde;es na moeda do jogo.<br /><br />Em m&eacute;dia, cada usu&aacute;rio recebe 400 moedas por partida jogada. Por isso, o mercado de transfer&ecirc;ncia &eacute; o m&eacute;todo mais r&aacute;pido para acumular o valor necess&aacute;rio para formar um time forte. Renato Figueiredo Jr, 25, come&ccedil;ou a fazer trade justamente com a motiva&ccedil;&atilde;o de refor&ccedil;ar a sua equipe no Fifa.<br />"Eu era uma dessas pessoas que queriam ter um tima&ccedil;o, com Cristiano Ronaldo, Messi e grandes jogadores. Ent&atilde;o, comecei a aprender [a fazer trade] acompanhando canais no Youtube", diz.<br /><br />Depois de oito anos jogando por lazer, Renato decidiu criar no ano passado o seu grupo no Whatsapp para enviar dicas de trade. O grupo que ele gerencia atualmente conta com 225 membros, que o faz ter um faturamento m&eacute;dio de R$ 2.000 -ele cobra uma mensalidade de R$ 10.<br /><br />"O valor arrecadado varia muito. Tem gente que paga o servi&ccedil;o, tem gente que simplesmente n&atilde;o paga e tem pessoas no grupo que acabaram virando meus amigos e eu n&atilde;o cobro delas", explica Renato, que j&aacute; foi atendente de balc&atilde;o, vendedor e mec&acirc;nico antes de se dedicar ao trabalho de coach.<br />"Eu comecei a ganhar bem mais que meus pais e mais do que qualquer emprego que eu j&aacute; tinha tido", afirma.</p>\r\n<p>"&gt;</p>\r\n<p>"&gt;</p>', '2c9e8fb312cb38104c1a2187af764c73.png', '2019-06-22', '21:34:30', 4, 3),
	(33, 'CS:GO: Após saída de peu, W7M Gaming anuncia Gio como novo coach', 'A W7M Gaming anunciou em suas redes sociais hoje (19), que Giovanni “Gio” Deniz é o novo coach do elenco de CS:GO da organização.', '<blockquote>\r\n<p>Estou feliz demais, primeiro por voltar a competir, e segundo porque o W7M fez, simplesmente, de tudo pra contar comigo no elenco e eu enxergo essa responsabilidade como a maior oportunidade da minha carreira como treinador. J&aacute; atuei com os melhores, eu sei o caminho de um time vencedor e agora mais maduro, mais experiente e mais profissional, acredito que vou levar os meninos de volta pro topo!</p>\r\n</blockquote>\r\n<p>A estreia de Gio pela W7M ser&aacute; no dia 27 de junho, onde a sua equipe disputar&aacute; a Gamers Club Masters III, campeonato que ter&aacute; a participa&ccedil;&atilde;o de 6 times e 60 mil reais em premia&ccedil;&otilde;es.</p>', '3a6cee9d1163e61fa1340f41a35fc1f4.jpg', '2019-06-22', '21:32:07', 4, 1),
	(34, 'FURIA chega à final da MDL e pode conquistar vaga na ESL Pro League', 'Ontem (20), o elenco de CS:GO da FURIA Esports venceu a equipe norte-americana Party Astronauts e chegou à final da ESEA MDL S31 NA. Caso vença a competição, os brasileiros conquistarão uma vaga para a 10ª temporada da ESL Pro League, torneio de elite da ESL que conta com a participação de MIBR e Lu', '<p>A decis&atilde;o ser&aacute; contra a Team Singularity, em LAN, no dia 10 de julho. Se vencer, a FURIA ir&aacute; direto para a EPL. Caso perca, os brasileiros ainda ter&atilde;o mais uma chance em uma repescagem contra INTZ, Lazarus, Team Envy e o 3&ordm; colocado da ESEA MDL.</p>\r\n<p>Al&eacute;m de ir &agrave; final, a vit&oacute;ria sobre a Party Astronauts tamb&eacute;m deu aos Furiosos uma vaga na Global Challenge.</p>\r\n<div id="thecl-984745511" class="thecl-dentro-do-post">&nbsp;</div>\r\n<h3>ESEA Global Challenge S31</h3>\r\n<p>A Global Challenge re&uacute;ne os melhores times norte-americanos e europeus da ESEA MDL. A competi&ccedil;&atilde;o oferece uma premia&ccedil;&atilde;o de 75 mil d&oacute;lares e acontece em LAN. O local ainda n&atilde;o foi revelado.</p>\r\n<p>FURIA e Team Singularity se juntar&atilde;o a Team Vitality, Sprout, Chiefs Esports Club, ATK e Party Astronauts na briga por 25 mil d&oacute;lares destinados ao campe&atilde;o do evento. Ao todo, s&atilde;o 8 equipes na disputa e resta apenas uma vaga a ser definida, destinada ao terceiro colocado da ESEA MDL europeia.</p>\r\n<p>O torneio acontece entre os dias 10 e 14 de julho. Os times ser&atilde;o divididos em dois grupos, com os 2 primeiros colocados avan&ccedil;ando para as semifinais, onde disputar&atilde;o partidas MD3.</p>', 'ccb51ccb5c6a053782f3f0cedd2b8016.jpg', '2019-06-22', '01:27:25', 4, 1),
	(35, 'MIBR cai diante da Liquid e é eliminada da ESL Pro League S9 Finals', 'Pelo segundo campeonato consecutivo, os brasileiros ficam de fora da fase final', '<p>As finais da&nbsp;<strong>ESL Pro League Season 9</strong>&nbsp;acabou para o Brasil.&nbsp;<strong>MIBR</strong>&nbsp;a &uacute;ltima sobrevivente foi derrotada pela&nbsp;<strong>Team Liquid</strong>e tamb&eacute;m deu adeus ao torneio.<br /><br />Na final da chave lower, acabaram perdendo por dois mapas a zero, sofrendo com o entrosamento do advers&aacute;rio. Perdeu na Mirage por 16 a 13 e na Dust2 por 16 a 9.<br /><br />A MIBR encerrou na 7&ordf; coloca&ccedil;&atilde;o faturando uma premia&ccedil;&atilde;o de $17 mil.<br /><br /></p>\r\n<h3><img class="post-flag" src="https://static.draft5.gg/assets/flags/BR.svg" width="16" />&nbsp;<strong>MIBR&nbsp;0&nbsp;vs.&nbsp;2&nbsp;Team Liquid</strong>&nbsp;<img class="post-flag" src="https://static.draft5.gg/assets/flags/US.svg" width="16" /></h3>\r\n<p><br /><br /><strong>MIBR&nbsp;13&nbsp;vs.&nbsp;16&nbsp;Team Liquid - Mirage</strong><br /><br />Iniciando o duelo como contra-terrorista, a MIBR saiu a frente vencendo o pistol round sem perder um jogador. Aproveitando a vantagem b&eacute;lica, abriram dois a zero.<br /><br />Indo para os rounds armados, Marcelo "<strong>coldzera</strong>" David garantiu o clutch 1vs3 e a MIBR chegou ao seu terceiro ponto. Mesmo apenas com pistolas, a Liquid chegou a seu primeiro ponto com dom&iacute;nio da regi&atilde;o do meio para o bombsite A.&nbsp;<br /><br />A partir da&iacute;, os americanos passaram a dominar o confronto. Com o controle do meio, conseguiam fazer invadir os bombs com facilidade. Assim passaram a frente do placar fazendo sete a quatro.<br /><br />Depois de perder quatro rounds consecutivos, a MIBR aproveitou o round acelerado que a Liquid tentou aplicar e voltou a pontuar. O time americano chegou a garantir a vit&oacute;ria no half e os brasileiros descontaram no final. Com isso, a primeira metade fechou em 9 a 6.<br /><br />Apostando numa entrada no bombsite B, a MIBR conquistou o segundo pistol do mapa. Aproveitou o menor n&uacute;mero de advers&aacute;rios e garantiu o ponto. Por&eacute;m, desperdi&ccedil;ou a chance de diminuir a diferen&ccedil;a para um ponto perdendo para o pistolete americano.<br /><br />Logo em seguida, a MIBR devolveu o pistolete e assumiu a vantagem econ&ocirc;mica. Com isso fez tr&ecirc;s rounds consecutivos e empatou o jogo em dez a dez.<br /><br />Voltando a estar armada, a Liquid acertou sua defesa. Buscando garantir a first kill e trabalhando com a vantagem num&eacute;rica, venceram tr&ecirc;s rounds seguidos e voltaram a ficar a frente do placar.<br /><br />A MIBR venceu um round e teve oportunidade de encostar novamente no placar. Mas Jonathan "<strong>EliGE</strong>" Jablonowski garantiu um quad kill, deu o ponto para seu time num for&ccedil;ado e ficou a dois pontos da vit&oacute;ria.<br /><br /></p>\r\n<center><iframe src="https://clips.twitch.tv/embed?clip=InquisitiveWiseElephantShadyLulu&amp;autoplay=false" width="620" height="378" frameborder="0" allowfullscreen="allowfullscreen" data-mce-fragment="1"></iframe></center>\r\n<p><br /><br />Nos rounds seguintes os times trocaram pontos que foi vantajoso para Liquid que fechou em 16 a 13.<br /><br /><strong>MIBR&nbsp;9&nbsp;vs.&nbsp;16&nbsp;Team Liquid - Dust2</strong><br /><br />Come&ccedil;ando desta vez de terrorista no mapa de escolha da Liquid, a MIBR perdeu o pistol ao n&atilde;o conseguir impedir o retake no bombsite A. Em seu pistolete, fizeram uma entrada r&aacute;pida no bombsite B, empatando o jogo em um a um.<br /><br />Assumindo a vantagem b&eacute;lica, venceram mais dois rounds e viraram o jogo para tr&ecirc;s a um. Indo para os rounds armados, a Liquid mostrou uma defesa agressiva, surpreendendo os brasileiros. Com isso, venceram cinco em seis rounds e assumiram a lideran&ccedil;a do marcador em seis a quatro.<br /><br />Ap&oacute;s diversos rounds insistindo no bombsite A, a MIBR mudou a estrat&eacute;gia e come&ccedil;ou a fazer entradas no bomb B. Em jogadas r&aacute;pidas voltou a pontuar e empatou o jogo em seis a seis.<br /><br />Na parte final, a MIBR passou a frente do placar e encerrou vencendo por 8 a 7.<br /><br />Para assumir novamente a lideran&ccedil;a do placar, a Liquid venceu o pistol round e confirmou os econ&ocirc;micos brasileiro. Assim, deixando o placar em 10 a 8.<br /><br />Na oportunidade de diminuir a diferen&ccedil;a para apenas um ponto, os brasileiros perderam um retake 1vs4 para Russel "<strong>Twistzz</strong>" Van Dulken. No carro do bombsite B, o canadense garantiu quatro elimina&ccedil;&otilde;es, ficando com o ponto.<br /><br /></p>\r\n<center></center>\r\n<p><br /><br />Controlando a economia advers&aacute;ria, a Liquid chegou ao d&eacute;cimo terceiro ponto, ficando a tr&ecirc;s da vit&oacute;ria. Precisando mudar sua postura, a MIBR pausou a partida tentando se recuperar.<br /><br />Ap&oacute;s a parada foi a vez de Gabriel "<strong>FalleN</strong>" Toledo chamar a responsabilidade. O in-game leader garantiu um ace clutch no retake do bombsite A.<br /><br /></p>\r\n<center></center>\r\n<p><br /><br />A resposta americana veio no round seguinte. Jacky "<strong>Stewie2K</strong>" Yip fez o clutch 1vs2 e ajudou sua equipe a se aproximar da vit&oacute;ria.<br /><br /></p>\r\n<center></center>\r\n<p><br /><br />Com a vantagem b&eacute;lica, a Liquid chegou ao match point. E precisou de apenas uma oportunidade para fechar a partida em 16 a 9 e se classificar.</p>', '2a5752f15efef6899d298ac297dc01b3.jpg', '2019-06-22', '01:29:47', 4, 1),
	(36, 'Tite nega drone em treino do Peru: "Se tiver que pagar esse preço para vencer, vou para casa"', 'Treinador lembra episódio pelo Grêmio, num treino aberto contra o Corinthians', '<div class="mc-column content-text active-extra-styles " data-block-type="unstyled" data-block-weight="50" data-block-id="2">\r\n<p class="content-text__container " data-track-category="Link no Texto" data-track-links="">Ap&oacute;s drone sobrevoar o treinamento do Peru nesta quinta, no Pacaembu,&nbsp;<a href="https://sportv.globo.com/site/programas/redacao-sportv/noticia/drone-sobrevoa-treino-do-peru-e-faz-jornal-suspeitar-do-brasil.ghtml"><strong>a imprensa peruana chegou a insinuar uma poss&iacute;vel espionagem da comiss&atilde;o t&eacute;cnica da sele&ccedil;&atilde;o brasileira.&nbsp;</strong></a>Nesta sexta, ap&oacute;s &uacute;ltimo treino antes da partida decisiva, neste s&aacute;bado, na Arena Corinthians, Tite fez quest&atilde;o de negar qualquer tipo de envolvimento.</p>\r\n</div>\r\n<div class="wall protected-content">\r\n<div class="mc-column content-text active-extra-styles " data-block-type="unstyled" data-block-weight="61" data-block-id="3">\r\n<p class="content-text__container " data-track-category="Link no Texto" data-track-links="">Em entrevista coletiva, o treinador deu a "palavra de honra" e ainda relembrou um epis&oacute;dio quando comandava o Gr&ecirc;mio, numa oportunidade de treino aberto. Na ocasi&atilde;o, o auxiliar Cleber Xavier foi a uma atividade comandada por Vanderlei Luxemburgo no Corinthians, antes da final da Copa do Brasil de 2001. O treinador corintiano expulsou Cleber do treino&nbsp;<strong>(relembre no v&iacute;deo mais abaixo).</strong></p>\r\n</div>\r\n<div class="mc-column content-text active-extra-styles" data-block-type="raw" data-block-weight="52" data-block-id="4">\r\n<p class="content-text__container">&nbsp;</p>\r\n<blockquote class="content-blockquote theme-border-color-primary-before">"Tenha a minha palavra de honra de que n&atilde;o houve nada. A palavra de honra. Se tiver que pagar esse pre&ccedil;o para vencer, eu pego meu bon&eacute; e vou para casa. Se tiver que bater para vencer, pego meu bon&eacute; e vou para casa. N&atilde;o tenho mais idade para isso", disse Tite.</blockquote>\r\n<p>&nbsp;</p>\r\n</div>\r\n<div class="mc-column content-text active-extra-styles " data-block-type="unstyled" data-block-weight="60" data-block-id="5">\r\n<p class="content-text__container " data-track-category="Link no Texto" data-track-links="">&ndash; N&atilde;o fiz isso no in&iacute;cio da carreira, vou fazer agora? Bom, eu fiz, mas n&atilde;o comparem... fiz com o Cleber (Xavier), contra o Corinthians (final da Copa do Brasil de 2001), em um treino aberto. O treino &eacute; aberto, eu vou l&aacute; ver! Ok, foi l&aacute; no in&iacute;cio, e eu fiz. Agora voc&ecirc;s t&ecirc;m minha palavra, n&atilde;o fa&ccedil;o mais.</p>\r\n</div>\r\n<div class="mc-column content-media content-video" data-block-type="backstage-video" data-block-id="8">\r\n<p class="content-media__description">Auxiliar de Tite, Cl&eacute;ber Xavier conta hist&oacute;rias da parceria e lembra de espionagem em 2001</p>\r\n</div>\r\n<div class="mc-column content-text active-extra-styles " data-block-type="unstyled" data-block-weight="45" data-block-id="9">\r\n<p class="content-text__container " data-track-category="Link no Texto" data-track-links="">A acusa&ccedil;&atilde;o de que Tite estaria espionando os treinos do Peru foi feita pelo jornal "L&iacute;bero". Em sua edi&ccedil;&atilde;o desta sexta-feira, o di&aacute;rio escreveu que um drone sobrevoou o Pacaembu durante a atividade e ainda suspeitou de um funcion&aacute;rio da seguran&ccedil;a que trabalhava no local.</p>\r\n</div>\r\n<div class="mc-column content-text active-extra-styles " data-block-type="unstyled" data-block-weight="118" data-block-id="10">\r\n<p class="content-text__container " data-track-category="Link no Texto" data-track-links="">O jogo entre Brasil e Peru ter&aacute; transmiss&atilde;o ao vivo na&nbsp;<strong>TV Globo&nbsp;</strong>e no&nbsp;<strong>GloboEsporte.com&nbsp;</strong>para todo o Brasil com narra&ccedil;&atilde;o de Galv&atilde;o Bueno e coment&aacute;rios de J&uacute;nior e Casagrande (com Paulo C&eacute;sar Oliveira na Central do Apito). O&nbsp;<strong>SporTV</strong>&nbsp;tamb&eacute;m transmite ao vivo para todo o Brasil com narra&ccedil;&atilde;o de Gustavo Villani e coment&aacute;rios de Maur&iacute;cio Noriega e Muricy Ramalho (com S&aacute;lvio Spinola Fagundes Filho na Central do Apito). O&nbsp;<strong>GloboEsporte.com</strong>&nbsp;tamb&eacute;m faz duas "lives - uma antes e uma depois do jogo - com an&aacute;lises e entrevistas, al&eacute;m da transmiss&atilde;o com duas op&ccedil;&otilde;es de narra&ccedil;&atilde;o: uma com a equipe da&nbsp;<strong>TV Globo</strong>&nbsp;comandada por Galv&atilde;o Bueno e uma com o time do Falha de Cobertura.</p>\r\n</div>\r\n</div>', '15eb9f194a2686da55fc73c5eb48e384.jpg', '2019-06-22', '02:04:16', 1, 2),
	(44, 'Oppo mostra o 1º celular com câmera de selfie sob a tela', 'A Oppo já vinha liberando teasers sobre o que seria o primeiro aparelho com uma câmera de selfies sob a tela e agora ela cumpre com a promessa e mostra como esse sensor funciona', '<p dir="ltr">A&nbsp;<a title="Oppo" href="https://www.tecmundo.com.br/oppo/" target="_blank" rel="noopener">Oppo</a>&nbsp;j&aacute; vinha liberando teasers sobre o que seria o primeiro aparelho com uma c&acirc;mera de selfies sob a tela e agora ela cumpre com a promessa e mostra como esse sensor funciona. A companhia participa do Mobile World Congress Shanghai e chama a nova tecnologia de &ldquo;Under-Screen Camera&rdquo; (USC).</p>\r\n<p>Segundo a descri&ccedil;&atilde;o, trata-se de &ldquo;m&oacute;dulo de c&acirc;mera personalizado que capta mais luz, aproveitando algoritmos otimizados e aprendizado de intelig&ecirc;ncia artificial para melhorar o desempenho da c&acirc;mera&rdquo;.</p>\r\n<div class="royalSlider nzn-gallery nzn-gallery-large p402_hide rsHor rsWithThumbs rsWithThumbsHor" data-id="143029">\r\n<div class="rsOverflow">\r\n<div class="rsContainer">\r\n<div class="rsSlide "><img class="rsImg rsMainSlideImage" src="https://img.ibxk.com.br/2019/06/26/26100719557044.jpg?w=794&amp;h=529&amp;mode=max" /></div>\r\n<div class="rsSlide ">&nbsp;</div>\r\n<div class="rsSlide "><img class="rsImg rsMainSlideImage" src="https://img.ibxk.com.br/2019/06/26/26100719307042.jpg?w=794&amp;h=529&amp;mode=max" /></div>\r\n</div>\r\n<div class="rsFullscreenBtn">\r\n<div class="rsFullscreenIcn">&nbsp;</div>\r\n</div>\r\n<div class="rsArrow rsArrowLeft rsHidden">\r\n<div class="rsArrowIcn">&nbsp;</div>\r\n</div>\r\n<div class="rsArrow rsArrowRight rsArrowDisabled rsHidden">&nbsp;</div>\r\n</div>\r\n<div class="rsNav rsThumbs rsThumbsHor">\r\n<div class="rsThumbsContainer">\r\n<div class="rsNavItem rsThumb rsNavSelected">&nbsp;</div>\r\n</div>\r\n</div>\r\n<div class="rsGCaption">Fonte: Oppo/Divulga&ccedil;&atilde;o</div>\r\n<div class="gallery-ads">&nbsp;</div>\r\n</div>\r\n<p>Em termos de hardware, a Oppo usa um material "altamente transparente" e diz que isso permite &agrave; luz atravessar com mais facilidade, sem afetar as opera&ccedil;&otilde;es normais do painel. O m&oacute;dulo da c&acirc;mera e o pr&oacute;prio sensor teriam abertura e pixel maiores &mdash; embora n&atilde;o esteja muito claro os exatos detalhes sobre isso, em compara&ccedil;&atilde;o com os conjuntos convencionais.</p>\r\n<div class="p402_hide">\r\n<div class="SandboxRoot env-bp-350" data-twitter-event-id="0">\r\n<div id="twitter-widget-0" class="EmbeddedTweet EmbeddedTweet--cta EmbeddedTweet--mediaForward media-forward js-clickToOpenTarget js-tweetIdInfo tweet-InformationCircle-widgetParent" lang="pt" data-click-to-open-target="https://twitter.com/oppo/status/1143808422439092224" data-iframe-title="Tweet do Twitter" data-scribe="page:tweet" data-tweet-id="1143808422439092224" data-twitter-event-id="1">\r\n<article class="MediaCard\r\n           MediaCard--mediaForward\r\n           \r\n           cards-multimedia\r\n           customisable-border" dir="ltr" data-scribe="component:card">\r\n<div class="MediaCard-media">\r\n<div class="MediaCard-widthConstraint js-cspForcedStyle" data-style="max-width: 2000px">\r\n<div class="MediaCard-mediaContainer js-cspForcedStyle" data-style="padding-bottom: 57.1000%">\r\n<div class="NaturalImage-ctaOverlay PlayButton PlayButton--centered" data-scribe="element:play_button">\r\n<div class="Icon Icon--playCircle " title="Reproduzir M&iacute;dia" role="img" aria-label="Reproduzir M&iacute;dia">&nbsp;</div>\r\n</div>\r\n<a class="MediaCard-mediaAsset MediaCard-mediaPlaceholder NaturalImage NaturalImage--fill js-playableMediaInterstitial" href="https://twitter.com/oppo/status/1143808422439092224"><img class="NaturalImage-image" src="https://pbs.twimg.com/ext_tw_video_thumb/1143808175700709376/pu/img/8xnw_orcFMGU4WQZ?format=jpg&amp;name=small" alt="V&iacute;deo incorporado" data-image="https://pbs.twimg.com/ext_tw_video_thumb/1143808175700709376/pu/img/8xnw_orcFMGU4WQZ" data-scribe="element:poster_image" /></a></div>\r\n</div>\r\n</div>\r\n</article>\r\n</div>\r\n<div class="resize-sensor">\r\n<div class="resize-sensor-expand">\r\n<div>&nbsp;</div>\r\n</div>\r\n<div class="resize-sensor-shrink">\r\n<div>&nbsp;</div>\r\n</div>\r\n</div>\r\n</div>\r\n</div>\r\n<p>O Oppo tamb&eacute;m usa o chamado "controle de zoneamento", que usa um sistema de gerenciamento de pixel na parte superior da c&acirc;mera. Tudo isso, de acordo com a companhia, &eacute; o que permite tirar selfies, identificar rostos e realizar registros em v&iacute;deo.</p>\r\n<h2>E a qualidade das imagens?</h2>\r\n<p dir="ltr">Obviamente que a primeira d&uacute;vida que fica &eacute; se a qualidade da capta&ccedil;&atilde;o &eacute; a mesma de outros sensores.&nbsp;<a href="https://www.tecmundo.com.br/dispositivos-moveis/142974-oppo-deve-deixar-desejar-qualidade-fotos-camera-tela.htm" target="_blank" rel="noopener">Segundo a pr&oacute;pria Oppo</a>, os resultados iniciais n&atilde;o devem ser t&atilde;o bons quanto as c&acirc;meras dispon&iacute;veis no mercado.</p>', 'eb683f419e8c3fa412db176e946ef42b.jpg', '2019-06-26', '19:22:55', 12, 1),
	(45, 'Loja da Xiaomi em SP é autuada pelo Procon', 'O Procon-SP autuou a loja da Xiaomi no Brasil, em São Paulo, após a visita de uma equipe no estabelecimento no último dia 19.', '<p>O Procon-SP autuou a loja da&nbsp;<a title="Xiaomi" href="https://www.tecmundo.com.br/xiaomi/" target="_blank" rel="noopener">Xiaomi</a>&nbsp;no Brasil, em S&atilde;o Paulo, ap&oacute;s a visita de uma equipe no estabelecimento no &uacute;ltimo dia 19. Na oportunidade, foram encontradas v&aacute;rias caracter&iacute;sticas fora do padr&atilde;o, principalmente no que diz respeito a l&iacute;ngua utilizada nas instru&ccedil;&otilde;es dos produtos.</p>\r\n<p>O C&oacute;digo de Defesa do Consumidor diz que as marcas devem assegurar que as mercadorias apresentem &ldquo;informa&ccedil;&otilde;es corretas, claras, precisas, ostensivas e em l&iacute;ngua portuguesa&rdquo;, de acordo com o site do Procon-SP.</p>\r\n<p>Na&nbsp;<a href="https://www.tecmundo.com.br/mercado/141840-inauguracao-1-loja-da-xiaomi-brasil-tera-promocoes-descontos.htm" target="_blank" rel="noopener">loja da Xiaomi</a>&nbsp;no shopping Ibirapuera os produtos n&atilde;o seguem estas regras e trazem manuais de instru&ccedil;&atilde;o, informa&ccedil;&otilde;es de segura&ccedil;a e de uso em l&iacute;ngua estrangeira. Al&eacute;m disso, alguns dos produtos n&atilde;o t&ecirc;m informa&ccedil;&otilde;es sobre o importador, ou seja, a empresa respons&aacute;vel pela marca no Brasil&nbsp;&mdash;&nbsp;o que tamb&eacute;m est&aacute; em desacordo com o C&oacute;digo de Defesa do Consumidor.</p>\r\n<h2>Consequ&ecirc;ncias</h2>\r\n<p>Por conta das irregularidades o estabelecimento poder&aacute; ser multado. Em nota, a DL, respons&aacute;vel pela importa&ccedil;&atilde;o e distribui&ccedil;&atilde;o dos produtos Xiaomi no Brasil, informou que a loja j&aacute; est&aacute; se adequando aos apontamentos do Procon-SP.</p>\r\n<p>Confira na &iacute;ntegra:</p>\r\n<p><em>A DL informa que est&aacute; ciente da fiscaliza&ccedil;&atilde;o do PROCON-SP na loja Mi Ibirapuera. Como respons&aacute;vel pela importa&ccedil;&atilde;o e distribui&ccedil;&atilde;o dos produtos Xioami no Brasil junto aos parceiros comerciais, a empresa informa que os apontamentos feitos pelo &oacute;rg&atilde;o j&aacute; est&atilde;o em processo final de adequa&ccedil;&atilde;o.</em></p>', '320b4df5feb1ca678c8fc78b2d2d2ac6.jpg', '2019-06-26', '19:25:23', 12, 3),
	(46, 'ASUS anuncia o monstro top de linha ZenBook Pro Duo de 2 telas no Brasil', 'A ASUS realizou um grande evento ontem (25), em São Paulo, para anunciar a nova fornada de notebooks que chegam ao Brasil', '<p>A ASUS realizou um grande evento ontem (25), em S&atilde;o Paulo, para anunciar a nova fornada de notebooks que chegam ao Brasil. E o que mais chama a aten&ccedil;&atilde;o &eacute; o seu poderoso top de linha, que traz tela OLED 4K de 15,6 polegadas e um segunda tela IPS acima do teclado &mdash; ambas sens&iacute;veis ao toque.</p>\r\n<p>O processador &eacute; o Intel i9-9980HK rodando a 2,4 GHz e Turbo Boost que chega a 5,0 GHz com cache de 16 MB. A mem&oacute;ria RAM DDR4 suporta at&eacute; 32 GB &mdash; com op&ccedil;&otilde;es de 8 GB e 16 GB &mdash; e o armazenamento interno conta com 256 GB, 512 GB ou 1 TB em SSD.&nbsp;</p>\r\n<div class="royalSlider nzn-gallery nzn-gallery-large p402_hide rsHor rsWithThumbs rsWithThumbsHor" data-id="143004">\r\n<div class="rsOverflow">\r\n<div class="rsContainer">\r\n<div class="rsSlide ">&nbsp;</div>\r\n<div class="rsSlide "><img class="rsImg rsMainSlideImage" src="https://img.ibxk.com.br/2019/06/25/25162602068287.jpg?w=794&amp;h=529&amp;mode=max" /></div>\r\n<div class="rsSlide ">&nbsp;</div>\r\n<div class="rsSlide ">&nbsp;</div>\r\n<div class="rsSlide "><img class="rsImg rsMainSlideImage" src="https://img.ibxk.com.br/2019/06/25/25162600771284.jpg?w=794&amp;h=529&amp;mode=max" /></div>\r\n<div class="rsSlide ">&nbsp;</div>\r\n<div class="rsSlide ">&nbsp;</div>\r\n<div class="rsSlide "><img class="rsImg rsMainSlideImage" src="https://img.ibxk.com.br/2019/06/25/25162601943286.jpg?w=794&amp;h=529&amp;mode=max" /></div>\r\n<div class="rsSlide ">&nbsp;</div>\r\n</div>\r\n<div class="rsFullscreenBtn">\r\n<div class="rsFullscreenIcn">&nbsp;</div>\r\n</div>\r\n<div class="rsArrow rsArrowLeft rsArrowDisabled rsHidden">&nbsp;</div>\r\n<div class="rsArrow rsArrowRight rsHidden">\r\n<div class="rsArrowIcn">&nbsp;</div>\r\n</div>\r\n</div>\r\n<div class="rsNav rsThumbs rsThumbsHor">\r\n<div class="rsThumbsContainer">\r\n<div class="rsNavItem rsThumb">&nbsp;</div>\r\n</div>\r\n</div>\r\n<div class="rsGCaption">ASUS anuncia o monstro top de linha ZenBook Pro Duo de 2 telas no Brasil</div>\r\n<div class="gallery-ads">&nbsp;</div>\r\n</div>\r\n<p>O chamado ScreenPad tem 14 polegadas e tamb&eacute;m conta com resolu&ccedil;&atilde;o 4K, al&eacute;m de reconhecer gestos com at&eacute; quatro dedos. A GPU &eacute; a NVIDIA GeForce RTX 2060 com 6 GB de VRAM GDDR6 a bateria &eacute; de 71Wh. A m&aacute;quina tem dimens&otilde;es de 35,9 x 24,6 cm x 2,4 xm e pesa 2,5 quilos.</p>\r\n<p class="video-center">&nbsp;</p>\r\n<div class="p402_hide nzn-text-video">\r\n<div class="fluid-width-video-wrapper"><iframe id="fitvid541632" src="https://www.youtube.com/embed/1aqI7EnfbVM?start=0&amp;enablejsapi=1&amp;origin=https%3A%2F%2Fwww.tecmundo.com.br" frameborder="0" allowfullscreen="allowfullscreen" data-gtm-yt-inspected-6022452_59="true" data-mce-fragment="1"></iframe></div>\r\n</div>\r\n<p>O ZenBook Duo Pro conta tamb&eacute;m com 1 sa&iacute;da Thunderbolt 3 USB-C, duas USB 3.1, uma HDMI 2.0 e entrada de fone de ouvido. Conta tamb&eacute;m com conectividade Bluetooth 5.0 e Intel Wi-Fi 6.</p>\r\n<h2 dir="ltr">Disponibilidade e pre&ccedil;o</h2>\r\n<p dir="ltr">O ZenBook Duo Pro na vers&atilde;o de 15 polegadas chega ao Brasil em julho, mas ainda n&atilde;o h&aacute; pre&ccedil;o ou detalhes sobre variantes e data exata.&nbsp;</p>', '9a358b2c81db9b28c3ff9d8d17134f3d.jpg', '2019-06-26', '19:31:15', 12, 2),
	(47, 'Huawei: Google deve perder 800 milhões de usuários com abandono do Android', 'Um mês após a Google anunciar a adesão às restrições impostas à Huawei pelo governo Trump na guerra comercial entre China e Estados Unidos, as consequências aos poucos vão tomando forma em decisões das empresas e em números.', '<p dir="ltr">Um m&ecirc;s ap&oacute;s a&nbsp;<a title="Google" href="https://www.tecmundo.com.br/google/" target="_blank" rel="noopener">Google</a>&nbsp;anunciar a ades&atilde;o &agrave;s restri&ccedil;&otilde;es impostas &agrave;&nbsp;<a title="Huawei" href="https://www.tecmundo.com.br/huawei/" target="_blank" rel="noopener">Huawei</a>&nbsp;pelo governo&nbsp;<a title="Donald Trump" href="https://www.tecmundo.com.br/donald-trump/" target="_blank" rel="noopener">Trump</a>&nbsp;na&nbsp;<a title="Entenda a briga entre EUA e Huawei" href="https://www.tecmundo.com.br/mercado/141634-entenda-briga-entre-eua-huawei.htm" target="_blank" rel="noopener">guerra comercial entre China e Estados Unidos</a>, as consequ&ecirc;ncias aos poucos v&atilde;o tomando forma em decis&otilde;es das empresas e em n&uacute;meros. O Departamento de Com&eacute;rcio dos Estados Unidos recuou um pouco, dando um pouco mais de tempo para as companhias se adaptarem ao boicote, e, ao que parece, a gigante asi&aacute;tica ter&aacute; mesmo que se adaptar ao novo cen&aacute;rio.</p>\r\n<p>A Google adiantou que os usu&aacute;rios que j&aacute; possuem dispositivos da Huawei devem continuar recebendo as atualiza&ccedil;&otilde;es, por&eacute;m, os novos aparelhos possivelmente devem trazer a solu&ccedil;&atilde;o caseira HongMeng OS (ou Oak OS) em vez do&nbsp;<a title="Android" href="https://www.tecmundo.com.br/android/" target="_blank" rel="noopener">Android</a>. Isso, segundo o presidente da fabricante, Ren Zhengfei,&nbsp;<a href="https://www.tecmundo.com.br/dispositivos-moveis/142639-huawei-estima-perdas-us-30-bilhoes-restricao-imposta-eua.htm">deve causar um impacto de US$ 30 bilh&otilde;es em sua receita</a>.</p>\r\n<p dir="ltr">Agora, em uma entrevista mais recente, concedida &agrave; CNBC, ele estima o quanto isso tamb&eacute;m deve afetar a Gigante de Mountain View. Segundo ele, &ldquo;Huawei e Google sempre estar&atilde;o na mesma linha de interesse e, se n&atilde;o rodarmos seu sistema, eles v&atilde;o perder de 700 milh&otilde;es a 800 milh&otilde;es de usu&aacute;rios no futuro&rdquo;.</p>\r\n<h2>Sistema operacional da Huawei seria 60% mais r&aacute;pido que o Android</h2>\r\n<p dir="ltr">A Huawei sempre manteve um discurso mais pac&iacute;fico em rela&ccedil;&atilde;o a toda a situa&ccedil;&atilde;o, pelo menos quando cita as empresas, e Zhengfei voltou a dizer que n&atilde;o gostaria de substituir o Android. Segundo o executivo, isso causa um desaceleramento no crescimento &mdash; e nos planos de se tornar a fabricante l&iacute;der no setor de smartphones.</p>\r\n<p>Mas ele deixou claro que possui meios para voltar a prosperar, especialmente com seu pr&oacute;prio sistema operacional, que deve ser lan&ccedil;ado em setembro ou outubro e tem como foco inicial os dispositivos de m&eacute;dio porte.&nbsp;</p>\r\n<p class="uk-text-right"><span class="nzn-article-eye">A Huawei estaria negociando outros sistemas operacionais, como o finland&ecirc;s Sailfish OS e o russo Avrora OS para diferentes pra&ccedil;as</span></p>\r\n<p>Ali&aacute;s, h&aacute; relatos de bastidores sobre os primeiros testes realizados em conjunto com smartphones da Vivo e da Oppo que apontam para uma velocidade 60% maior do que o robozinho verde &mdash; o que &eacute; compreens&iacute;vel, j&aacute; que o software dedicado ao hardware chin&ecirc;s pode mesmo trazer mais agilidade. O HongMeng OS (ou Oak OS) deve ser compat&iacute;vel com todos os apps Android, que poderiam ser recompilados para otimizar o desempenho, a exemplo do Chrome OS.</p>', '8071b1e887a3a6388982445a592fa04e.jpg', '2019-06-26', '19:43:31', 12, 1),
	(48, 'Lenovo Z6 terá bateria de 4.000 mAh com carga para 1 dia e meio de uso', 'Ao longo das últimas semanas, o vice-presidente da Lenovo, Chang Cheng, tem confirmado várias informações sobre as especificações do Lenovo Z6, o novo smartphone intermediário da companhia que será lançado em breve. ', '<p>Ao longo das &uacute;ltimas semanas, o vice-presidente da&nbsp;<a href="https://www.tecmundo.com.br/lenovo">Lenovo</a>, Chang Cheng, tem confirmado v&aacute;rias informa&ccedil;&otilde;es sobre as especifica&ccedil;&otilde;es do Lenovo Z6, o novo smartphone intermedi&aacute;rio da companhia que ser&aacute; lan&ccedil;ado em breve. O mais novo an&uacute;ncio diz respeito &agrave; bateria: ser&aacute; um tanque de 4.000 mAh.</p>\r\n<p>A princ&iacute;pio, n&atilde;o se trata de uma capacidade t&atilde;o impressionante, at&eacute; porque outros smartphones j&aacute; lan&ccedil;ados t&ecirc;m capacidade maior; no entanto, ao que tudo indica, o hardware e o software desse aparelho foram otimizados para maximizar a performance energ&eacute;tica. Informa&ccedil;&otilde;es oficiais garantem que ele ser&aacute; capaz de alcan&ccedil;ar at&eacute; 31,5 horas funcionando (aproximadamente 1 dia e meio em condi&ccedil;&otilde;es reais e normais de uso) com apenas uma &uacute;nica carga.</p>\r\n<figure class="image"><img src="https://img1.ibxk.com.br/2019/06/26/26124837727205.jpg?w=700" /></figure>\r\n<p class="uk-text-center">&nbsp;</p>\r\n<p>Para se ter uma ideia do desempenho da bateria do Z6, ela fornecer&aacute; at&eacute; 395 horas em stand-by, 38 horas de conversa&ccedil;&atilde;o, 26 horas (mais de 1 dia!) de reprodu&ccedil;&atilde;o de v&iacute;deo e 16 horas de jogo.</p>\r\n<h2>Especifica&ccedil;&otilde;es permanecem um mist&eacute;rio</h2>\r\n<p>Ainda n&atilde;o sabemos como o aparelho gerenciar&aacute; a energia para chegar a esses n&uacute;meros, mas ele ser&aacute; equipado com um processador Snapdragon 730, da&nbsp;<a href="https://www.tecmundo.com.br/qualcomm">Qualcomm</a>, fabricado sob a litografia de 8 nm e rodando a 2,2 GHz. Essa CPU &eacute; 35% superior &agrave; da gera&ccedil;&atilde;o passada em single core. Mesmo que o clock da CPU seja reduzido nos little cores, ainda assim o tempo de tela do gadget &eacute; incr&iacute;vel.</p>\r\n<p>Al&eacute;m da dura&ccedil;&atilde;o sensacional de bateria, o aparelho ser&aacute; fino, com menos de 8 mm de espessura, ter&aacute; carregamento r&aacute;pido o suficiente para oferecer 2 horas de jogo com 15 minutos de carga, c&acirc;mera tripla com sensores Sony e tecnologia IA , al&eacute;m de tela AMOLED de 6,3 polegadas com bordas curvas em todos os lados.</p>\r\n<p>A Lenovo ainda n&atilde;o confirmou a data de lan&ccedil;amento do Z6.</p>', '1b7c81b460ec2c96f7e25007af66aec8.jpg', '2019-06-26', '19:45:28', 12, 2),
	(49, 'LUCAS1 é confirmado como novo jogador da MIBR', 'A MIBR anunciou hoje (25) a contratação de Lucas “LUCAS1” Teles como novo jogador do seu elenco. O player de 23 anos substituirá João “felps” Vasconcellos no time principal.', '<div id="twitter-widget-0" class="EmbeddedTweet EmbeddedTweet--cta EmbeddedTweet--mediaForward media-forward js-clickToOpenTarget js-tweetIdInfo tweet-InformationCircle-widgetParent" lang="pt" data-click-to-open-target="https://twitter.com/mibr/status/1143629074113318912" data-iframe-title="Tweet do Twitter" data-scribe="page:tweet" data-tweet-id="1143629074113318912" data-twitter-event-id="1">\r\n<article class="MediaCard\r\n           MediaCard--mediaForward\r\n           \r\n           customisable-border" dir="ltr" data-scribe="component:card">\r\n<div class="MediaCard-media" data-scribe="element:photo">\r\n<div class="MediaCard-widthConstraint js-cspForcedStyle" data-style="max-width: 1200px">\r\n<div class="MediaCard-mediaContainer js-cspForcedStyle" data-style="padding-bottom: 56.2500%"><a class="MediaCard-mediaAsset NaturalImage" href="https://twitter.com/mibr/status/1143629074113318912/photo/1"><img class="NaturalImage-image" title="Ver imagem no Twitter" src="https://pbs.twimg.com/media/D9731y-UcAAMcX0?format=jpg&amp;name=small" alt="Ver imagem no Twitter" width="764" height="430" data-image="https://pbs.twimg.com/media/D9731y-UcAAMcX0" /></a></div>\r\n</div>\r\n</div>\r\n</article>\r\n<div class="EmbeddedTweet-tweetContainer">\r\n<div class="EmbeddedTweet-tweet">\r\n<blockquote class="Tweet h-entry js-tweetIdInfo subject expanded" cite="https://twitter.com/mibr/status/1143629074113318912" data-tweet-id="1143629074113318912" data-scribe="section:subject">\r\n<div class="Tweet-header">&nbsp;</div>\r\n<div class="Tweet-body e-entry-content" data-scribe="component:tweet">\r\n<div class="Tweet-target js-inViewportScribingTarget">&nbsp;</div>\r\n<p class="Tweet-text e-entry-title" dir="ltr" lang="pt">QUE OTA</p>\r\n</div>\r\n</blockquote>\r\n</div>\r\n</div>\r\n</div>\r\n<h3>Futuro incerto para felps</h3>\r\n<p>O jovem de 22 anos havia sa&iacute;do do elenco no final de 2017 e boltz assumiu o seu posto. Ap&oacute;s v&aacute;rias mudan&ccedil;as, felps voltou ao time no in&iacute;cio de 2019 junto com TACO e zews. Entretanto, a equipe brasileira n&atilde;o se encontrou e acabou consolidando resultados muito abaixo do esperado. Com a nova troca, ainda &eacute; incerto o futuro de felps no cen&aacute;rio competitivo.</p>\r\n<figure id="attachment_12879" class="wp-caption alignnone"><img class="size-full wp-image-12879" src="https://www.theclutch.com.br/wp-content/uploads/2019/03/felps-blast-sp.jpg" sizes="(max-width: 800px) 100vw, 800px" srcset="https://www.theclutch.com.br/wp-content/uploads/2019/03/felps-blast-sp.jpg 800w, https://www.theclutch.com.br/wp-content/uploads/2019/03/felps-blast-sp-300x200.jpg 300w, https://www.theclutch.com.br/wp-content/uploads/2019/03/felps-blast-sp-768x512.jpg 768w, https://www.theclutch.com.br/wp-content/uploads/2019/03/felps-blast-sp-270x180.jpg 270w" alt="" width="768" height="512" />\r\n<figcaption class="wp-caption-text">Futuro de felps ainda &eacute; incerto. Foto: HLTV.org</figcaption>\r\n</figure>\r\n<h3>&nbsp;</h3>\r\n<h3>Velho conhecido de FalleN</h3>\r\n<p>Lucas Teles n&atilde;o &eacute; desconhecido de FalleN e companhia. O capit&atilde;o e o rifler, junto de fer, jogaram juntos na KaBuM! e-Sports em 2014, que inclusive chegou a participar da ESWC 2014. TACO tamb&eacute;m j&aacute; atuou ao lado do jogador, mas em 2015 pela Games Academy.</p>\r\n<figure id="attachment_16156" class="wp-caption alignnone"><img class="size-full wp-image-16156" src="https://www.theclutch.com.br/wp-content/uploads/2019/06/10153739_667899339943602_5951519411803904067_n.jpg" sizes="(max-width: 960px) 100vw, 960px" srcset="https://www.theclutch.com.br/wp-content/uploads/2019/06/10153739_667899339943602_5951519411803904067_n.jpg 960w, https://www.theclutch.com.br/wp-content/uploads/2019/06/10153739_667899339943602_5951519411803904067_n-300x169.jpg 300w, https://www.theclutch.com.br/wp-content/uploads/2019/06/10153739_667899339943602_5951519411803904067_n-768x432.jpg 768w, https://www.theclutch.com.br/wp-content/uploads/2019/06/10153739_667899339943602_5951519411803904067_n-800x450.jpg 800w, https://www.theclutch.com.br/wp-content/uploads/2019/06/10153739_667899339943602_5951519411803904067_n-400x226.jpg 400w, https://www.theclutch.com.br/wp-content/uploads/2019/06/10153739_667899339943602_5951519411803904067_n-95x54.jpg 95w" alt="" width="766" height="431" />\r\n<figcaption class="wp-caption-text">Foto: Games Academy<br /><br /></figcaption>\r\n</figure>\r\n<h3>LUCAS1 no pr&oacute;ximo Major</h3>\r\n<p>O que se sabe no momento &eacute; que LUCAS1 j&aacute; est&aacute; treinando com a MIBR para disputar a ESL One Cologne, campeonato que acontecer&aacute; entre os dias 2 e 7 de julho em Col&ocirc;nia, na Alemanha. Ele tamb&eacute;m j&aacute; est&aacute; confirmado no StarLadder Berlim Major.</p>\r\n<p>LUCAS1 recentemente participou da ESL Pro League Season 9 Finals, onde terminou junto a Luminosity Gaming na 13&ordf;-16&ordf; posi&ccedil;&atilde;o, ap&oacute;s perderem para a HellRaisers e a para a pr&oacute;pria MIBR.</p>\r\n<p>Portanto, o elenco da MIBR agora ser&aacute;:</p>\r\n<ul>\r\n<li>Gabriel &ldquo;FalleN&rdquo; Toledo</li>\r\n<li>Fernando &ldquo;fer&rdquo; Alvarenga</li>\r\n<li>Marcelo &ldquo;coldzera&rdquo; David</li>\r\n<li>Epit&aacute;cio &ldquo;TACO&rdquo; de Melo</li>\r\n<li>Lucas &ldquo;LUCAS1&rdquo; Teles</li>\r\n<li>Wilton &ldquo;zews&rdquo; Prado</li>\r\n<li>Jo&atilde;o &ldquo;felps&rdquo; Vasconcellos (lista de transfer&ecirc;ncia)</li>\r\n</ul>\r\n<p>"&gt;</p>', '78cde21610afbdeda4fd5656f54c0f41.jpg', '2019-06-26', '19:48:49', 4, 1),
	(50, 'Em recuperação com Flamengo, Goku assume: "Estávamos com um pouco de medo de jogar"', 'Meio rubro-negro aponta desestabilização após final contra INTZ e retomada da mentalidade no segundo turno', '<p>O time de League of Legends do Flamengo inicia sua jornada rumo &agrave; recupera&ccedil;&atilde;o no CBLoL. Com o suporte Luci afastado nas &uacute;ltimas rodadas, o time sofreu duras derrotas no campeonato &mdash; mas voltou a apresentar bons jogos na &uacute;ltima semana, que marcou a volta do coreano ao rubro-negro.</p>\r\n<p>A rodada do &uacute;ltimo s&aacute;bado (22) marcou, tamb&eacute;m, o final do primeiro turno de melhor de 1 do CBLoL. Em entrevista ao&nbsp;<strong>ESPN Esports Brasil</strong>, o mid laner Goku deixou suas impress&otilde;es sobre a finaliza&ccedil;&atilde;o da primeira parte do campeonato, dizendo que o in&iacute;cio da segunda etapa foi &ldquo;muito diferente&rdquo; da primeira.</p>\r\n<p>&ldquo;Como a gente errou muito, tamb&eacute;m tivemos muito aprendizado&rdquo;, avalia o jogador. &ldquo;O que &eacute; mais importante para n&oacute;s &eacute; a evolu&ccedil;&atilde;o constante, e eu acho que estamos evoluindo bastante durante o campeonato. Essa &eacute; a coisa mais positiva nesse primeiro turno&rdquo;, opina Goku.</p>\r\n<p>&ldquo;Come&ccedil;amos bem, depois ficamos mais ou menos, a&iacute; a gente ficou ruim e estamos melhorando de novo&rdquo;, brinca o mid laner. &ldquo;O resultado n&atilde;o foi o que a gente esperava, mas, para a evolu&ccedil;&atilde;o do time, foi muito bom.&rdquo;</p>\r\n<p><strong>ERROS NO PRIMEIRO TURNO</strong></p>\r\n<p>Goku n&atilde;o hesita em apontar que o principal erro do Flamengo no primeiro turno teve, possivelmente, a ver com a mentalidade do time. &ldquo;Acho que a gente tava com um pouco de medo de jogar desde a final contra a INTZ&rdquo;, arrisca. &ldquo;Todo mundo conhece o estilo agressivo do Flamengo e, desde que perdemos a final, estamos meio que perdendo essa qualidade.&rdquo;</p>\r\n<p>O meio ressalta o afastamento do suporte como ponto importante. &ldquo;Quando o Luci saiu, foi mais cr&iacute;tico ainda. Ficamos num jogo totalmente estagnado, ningu&eacute;m fazia nada, ningu&eacute;m tinha iniciativa. A gente reconheceu esse erro e t&aacute; trabalhando mais nisso para n&atilde;o acontecer de novo&rdquo;, afirma.</p>\r\n<p><strong>JOGADORES RESERVA</strong></p>\r\n<p>Com o desfalque de Luci, o Flamengo viu-se tendo que utilizar seu analista, Reven, como tapa-buraco tempor&aacute;rio do time. Goku concorda que a falta de reservas no Flamengo foi um problema. &ldquo;A gente basicamente s&oacute; tem o Flanalista e o Juzinho como reservas&rdquo;, aponta.</p>\r\n<p>&ldquo;Para a parte de cima do mapa, n&atilde;o temos nenhum. Se acontecer algo comigo, com o Shrimp ou com o Robo, estamos meio ferrados&rdquo;, brinca o mid laner. &ldquo;Com certeza, &eacute; um problema para ser resolvido, mas acho que, nessa rodada, n&atilde;o tem como. Provavelmente, para 2020, &eacute; um quesito a melhorar&rdquo;, opina.</p>\r\n<p><strong>VIT&Oacute;RIA CONTRA PAIN</strong></p>\r\n<p>A estreia do segundo turno aconteceu no domingo (23), e o Flamengo conseguiu mais uma vit&oacute;ria em cima da paiN Gaming. Goku tamb&eacute;m comentou o jogo, dizendo que considera a paiN um time &ldquo;muito bom&rdquo;, mas que sente que os advers&aacute;rios t&ecirc;m sofrido &ldquo;problemas internos&rdquo;.</p>\r\n<p>&ldquo;Muita indecis&atilde;o e inseguran&ccedil;a dentro de jogo faz com que o jogo deles fique meio ca&oacute;tico. Eles sempre enfrentam impasses, ficam meio estagnados. (...) At&eacute; mesmo quando fui cumprimentar os jogadores depois da partida, eles pareciam bem chateados&rdquo;, revela. &ldquo;Acho que eles t&ecirc;m muito potencial, mas que, no momento, est&atilde;o com problemas&rdquo;, finaliza.</p>', '1d7b86d3c46383c1c276c34461976bd2.jpg', '2019-06-26', '19:51:25', 4, 2),
	(51, 'Valor de Mbappé flutua entre 230 e 250 milhões de euros, diz jornal francês', 'Preço estabelecido pelo PSG supera o investimento feito para contratar Neymar há dois anos. Veja o principal interessado', '<div class="mc-column content-text active-extra-styles " data-block-type="unstyled" data-block-weight="84" data-block-id="4">\r\n<p class="content-text__container " data-track-category="Link no Texto" data-track-links="">Caso uma eventual transfer&ecirc;ncia de Mbapp&eacute; venha a se concretizar dentro desses valores, o astro franc&ecirc;s ultrapassaria Neymar, companheiro de equipe no PSG, e se tornaria a transfer&ecirc;ncia mais cara da hist&oacute;ria do futebol. Por&eacute;m, o pr&oacute;prio Neymar pode acabar deixando a equipe de Paris por um valor superior ao que chegou.&nbsp;<strong><a href="https://globoesporte.globo.com/futebol/futebol-internacional/futebol-frances/noticia/psg-quer-r-13-bilhao-para-vender-neymar-diz-jornal-frances.ghtml">O "Le Parisien" noticiou que o valor do brasileiro chegaria a R$ 1,3 bilh&atilde;o</a>.</strong> O Barcelona, no entanto, pretende envolver alguns de seus jogadores na negocia&ccedil;&atilde;o para um eventual retorno do jogador.</p>\r\n</div>\r\n<div class="mc-column content-text active-extra-styles " data-block-type="unstyled" data-block-weight="59" data-block-id="5">\r\n<p class="content-text__container " data-track-category="Link no Texto" data-track-links="">O "L\'&Eacute;quipe" ainda diz que o maior interessado na contrata&ccedil;&atilde;o de Mbapp&eacute; &eacute; o Real Madrid, que far&aacute; uma investida pelo jogador ao final da pr&oacute;xima temporada. Vale lembrar que a equipe merengue j&aacute; gastou &euro; 303 milh&otilde;es (R$1,32 bilh&atilde;o na cota&ccedil;&atilde;o atual) nesta janela de transfer&ecirc;ncias e pode ter problemas com o fair play financeiro da Fifa.</p>\r\n</div>\r\n<div data-track-category="multicontent" data-track-action="ultimo chunk conteudo" data-track-noninteraction="false" data-track-scroll="view">\r\n<div class="mc-column content-text active-extra-styles " data-block-type="unstyled" data-block-weight="45" data-block-id="7">\r\n<p class="content-text__container " data-track-category="Link no Texto" data-track-links="">Mbapp&eacute; chegou ao Paris Saint-Germain h&aacute; duas temporadas e a equipe da capital francesa desembolsou &euro; 145 milh&otilde;es (R$ 633 milh&otilde;es na cota&ccedil;&atilde;o atual) para contar com o jogador. Desde ent&atilde;o, o atacante participou de 87 partidas, marcou 60 vezes e deu 32 assist&ecirc;ncias.</p>\r\n</div>\r\n</div>', '47450c016202446890ca82201edccd99.jpg', '2019-06-26', '19:53:53', 1, 3),
	(52, 'Sem mistério: Tite confirma Brasil com Allan na vaga de Casemiro e trio Everton, Jesus e Firmino', 'Sem ', '<p class="content-text__container " data-track-category="Link no Texto" data-track-links=""><strong>Allan ser&aacute; o substituto de Casemiro contra o Paraguai</strong>nesta quinta, &agrave;s 21h30 (de Bras&iacute;lia), pelas quartas de final da Copa Am&eacute;rica.</p>\r\n<div class="wall protected-content">\r\n<div class="mc-column content-text active-extra-styles " data-block-type="unstyled" data-block-weight="50" data-block-id="3">\r\n<p class="content-text__container " data-track-category="Link no Texto" data-track-links="">Em coletiva nesta quarta, em Porto Alegre, Tite afirmou que Fernandinho, reserva imediato do volante do Real Madrid, que est&aacute; suspenso pelo segundo cart&atilde;o amarelo, n&atilde;o recuperou seu auge f&iacute;sico em tempo do duelo decisivo. Fernandinho sofreu um entorse no joelho direito durante o empate sem gols com a Venezuela.</p>\r\n</div>\r\n<div class="mc-column content-text active-extra-styles " data-block-type="unstyled" data-block-weight="44" data-block-id="4">\r\n<p class="content-text__container " data-track-category="Link no Texto" data-track-links="">&ndash; Fernandinho est&aacute; fora do jogo. Quem joga &eacute; o Allan. Se n&oacute;s vencermos, se nos classificarmos, possivelmente ele vai estar pronto para o pr&oacute;ximo jogo. Fernandinho jogaria em suas condi&ccedil;&otilde;es normais e naturais. N&atilde;o estava nas suas condi&ccedil;&otilde;es &ndash; destacou o treinador.</p>\r\n</div>\r\n<div class="content-ads content-ads--reveal" data-block-type="ads" data-block-id="7">\r\n<div id="banner_materia2" class="tag-manager-publicidade-container mc-has-reveal mc-has-ad-lazyload tag-manager-publicidade-banner_materia2 tag-manager-publicidade-container--carregado tag-manager-publicidade-container--visivel" data-id="banner_materia2" data-google-query-id="COnaou6eiOMCFUkQgQodpaAMmw" data-cid="null" data-lid="null">\r\n<div id="google_ads_iframe_/95377733/tvg_GE/Selecao_Brasileira_2__container__">&nbsp;</div>\r\n</div>\r\n</div>\r\n<div class="mc-column content-text active-extra-styles " data-block-type="unstyled" data-block-weight="49" data-block-id="8">\r\n<p class="content-text__container " data-track-category="Link no Texto" data-track-links="">Ap&oacute;s anunciar o volante, Tite seguiu na linha "sem mist&eacute;rio" ao ser questionado sobre as op&ccedil;&otilde;es para o trio de ataque. De primeira, o treinador revelou que&nbsp;<strong>o Brasil vai a campo com o trio Gabriel Jesus, Everton e Roberto Firmino,</strong>&nbsp;o mesmo da goleada contra o Peru.</p>\r\n</div>\r\n<div class="mc-column content-text active-extra-styles" data-block-type="raw" data-block-weight="27" data-block-id="9">\r\n<p class="content-text__container">&nbsp;</p>\r\n<blockquote class="content-blockquote theme-border-color-primary-before">Com as mudan&ccedil;as, o Brasil vai a campo com Alisson, Daniel Alves, Marquinhos, Thiago Silva e Filipe Lu&iacute;s; Arthur, Allan e Coutinho; Everton, Gabriel Jesus e Firmino.</blockquote>\r\n<p>&nbsp;</p>\r\n</div>\r\n<div class="row medium-uncollapsed content-media content-photo" data-block-type="backstage-photo" data-block-id="10">\r\n<div class="mc-column content-media__container">\r\n<div class="progressive-img can-open-lightbox" data-min-size="1008x672" data-min-size-url="https://s2.glbimg.com/_4AXsgFOwyqrWC_4kRFsa6dj604=/0x0:1300x867/1008x0/smart/filters:strip_icc()/s.glbimg.com/es/ge/f/original/2019/06/22/20190622_peru_x_brasil_081.jpg" data-max-size="1600x1067" data-max-size-url="https://s2.glbimg.com/V37m8VuOuxCGjFJsAProODjKffI=/0x0:1300x867/1600x0/smart/filters:strip_icc()/s.glbimg.com/es/ge/f/original/2019/06/22/20190622_peru_x_brasil_081.jpg" data-media-index="1">\r\n<div class="placeholder-container">&nbsp;</div>\r\n<picture><img class="image content-media__image progressive-loaded" title="Firmino e Everton ter&atilde;o mais uma vez a companhia de Gabriel Jesus no ataque &mdash; Foto: Bob Paulino/BP Filmes" src="https://s2.glbimg.com/fuHVUnYy5xK91tovtTOSSM0UpuM=/0x0:1300x867/984x0/smart/filters:strip_icc()/s.glbimg.com/es/ge/f/original/2019/06/22/20190622_peru_x_brasil_081.jpg" alt="Firmino e Everton ter&atilde;o mais uma vez a companhia de Gabriel Jesus no ataque &mdash; Foto: Bob Paulino/BP Filmes" width="602" height="401" data-src="https://s2.glbimg.com/fuHVUnYy5xK91tovtTOSSM0UpuM=/0x0:1300x867/984x0/smart/filters:strip_icc()/s.glbimg.com/es/ge/f/original/2019/06/22/20190622_peru_x_brasil_081.jpg" /></picture></div>\r\n<p class="content-media__description ">Firmino e Everton ter&atilde;o mais uma vez a companhia de Gabriel Jesus no ataque &mdash; Foto: Bob Paulino/BP Filmes</p>\r\n</div>\r\n</div>\r\n<div class="mc-column content-text active-extra-styles" data-block-type="raw" data-block-weight="5" data-block-id="11">\r\n<p class="content-text__container">&nbsp;</p>\r\n<blockquote class="content-blockquote theme-border-color-primary-before"><strong>VEJA MAIS TRECHOS DA COLETIVA:</strong></blockquote>\r\n<p>&nbsp;</p>\r\n</div>\r\n<div class="mc-column content-text active-extra-styles " data-block-type="unstyled" data-block-weight="1" data-block-id="12">\r\n<p class="content-text__container " data-track-category="Link no Texto" data-track-links=""><strong>COUTINHO</strong></p>\r\n</div>\r\n<div class="mc-column content-text active-extra-styles " data-block-type="unstyled" data-block-weight="92" data-block-id="13">\r\n<p class="content-text__container " data-track-category="Link no Texto" data-track-links="">&ndash; Quando voc&ecirc;s comentaram sobre o Coutinho, e colocaram que ele tem que armar, eu falei que &eacute; uma equipe que tem que armar. S&oacute; ele? Tem mais. Vamos dividir um pouco as tarefas. Fizemos uma atua&ccedil;&atilde;o muito boa, com cria&ccedil;&atilde;o sendo dilu&iacute;da para uma s&eacute;rie de jogadores. Ele &eacute; mais quieto, se &eacute; introvertido, mas quando a bola rola, &eacute; outra linguagem. N&atilde;o &eacute; de falar, &eacute; do gestual. Outro dia o Firmino estava aqui, e &eacute; da mesma forma. David Neres, o Cebolinha... mas dentro de campo, &eacute; outra forma.</p>\r\n</div>\r\n<div class="mc-column content-text active-extra-styles " data-block-type="unstyled" data-block-weight="4" data-block-id="15">\r\n<p class="content-text__container " data-track-category="Link no Texto" data-track-links=""><strong>TORCIDA EM PORTO ALEGRE</strong></p>\r\n</div>\r\n<div class="mc-column content-text active-extra-styles " data-block-type="unstyled" data-block-weight="61" data-block-id="16">\r\n<p class="content-text__container " data-track-category="Link no Texto" data-track-links="">&ndash; Eu aprendi algumas coisas. O p&uacute;blico da Copa Am&eacute;rica, do Mundial, &eacute; muito diferente. &Eacute; meio disperso. &Eacute; um cara que compra por internet. Fica muito dilu&iacute;do, dividido. De repente eu olhei e tinha torcida do Peru do meu lado. Eu gostaria de ter o carinho que tive quando eu treinei o Gr&ecirc;mio. Repassado isso aos atletas. Ficaria muito orgulhoso.</p>\r\n</div>\r\n<div class="content-ads content-ads--reveal" data-block-type="ads" data-block-id="17">&nbsp;</div>\r\n<div class="mc-column content-text active-extra-styles " data-block-type="unstyled" data-block-weight="4" data-block-id="18">\r\n<p class="content-text__container " data-track-category="Link no Texto" data-track-links=""><strong>DUELO COM O PARAGUAI</strong></p>\r\n</div>\r\n<div class="mc-column content-text active-extra-styles " data-block-type="unstyled" data-block-weight="38" data-block-id="19">\r\n<p class="content-text__container " data-track-category="Link no Texto" data-track-links="">&ndash; Jogo decisivo, margem de acerto tem que ser alta. Caracter&iacute;sticas mentais t&ecirc;m que estar fortes, porque s&atilde;o jogos decisivos. N&iacute;vel de concentra&ccedil;&atilde;o alt&iacute;ssimo. Preparar para diferentes situa&ccedil;&otilde;es. Evolu&ccedil;&atilde;o da equipe, saber absorver. Tem uma s&eacute;rie de componentes.</p>\r\n</div>\r\n<div class="mc-column content-text active-extra-styles " data-block-type="unstyled" data-block-weight="7" data-block-id="20">\r\n<p class="content-text__container " data-track-category="Link no Texto" data-track-links=""><strong>E SE N&Atilde;O FIZER O GOL CEDO?</strong></p>\r\n</div>\r\n<div class="mc-column content-text active-extra-styles " data-block-type="unstyled" data-block-weight="41" data-block-id="21">\r\n<p class="content-text__container " data-track-category="Link no Texto" data-track-links="">&ndash; Maturidade. S&atilde;o 90 minutos para acabar o jogo, 95. Tem que saber que esse &eacute; o tempo. Col&ocirc;mbia venceu o Catar com gol no fim. Mas s&atilde;o 95 minutos. Se fizer o gol cedo, tem que reagir da mesma forma.</p>\r\n</div>\r\n<div class="row medium-uncollapsed content-media content-photo" data-block-type="backstage-photo" data-block-id="22">\r\n<div class="mc-column content-media__container">\r\n<div class="progressive-img can-open-lightbox" data-min-size="1008x672" data-min-size-url="https://s2.glbimg.com/tvec_JrKkRYAw8WFe1-4wtsJtYU=/0x0:2736x1824/1008x0/smart/filters:strip_icc()/i.s3.glbimg.com/v1/AUTH_bc8228b6673f488aa253bbcb03c80ec5/internal_photos/bs/2019/B/B/ieo3GmQSKvmbG7GmTzVg/img-7937.jpg" data-max-size="1600x1066" data-max-size-url="https://s2.glbimg.com/URJvZd3uIU9s47Yvghg0h0DgGg8=/0x0:2736x1824/1600x0/smart/filters:strip_icc()/i.s3.glbimg.com/v1/AUTH_bc8228b6673f488aa253bbcb03c80ec5/internal_photos/bs/2019/B/B/ieo3GmQSKvmbG7GmTzVg/img-7937.jpg" data-media-index="2">\r\n<div class="placeholder-container">&nbsp;</div>\r\n<picture><img class="image content-media__image progressive-loaded" title="Tite quer acabar com escrito de derrotas sem Casemiro &mdash; Foto: Eduardo Deconto" src="https://s2.glbimg.com/_RYaA21_RVDsMeCW2CIw9k7LjJE=/0x0:2736x1824/984x0/smart/filters:strip_icc()/i.s3.glbimg.com/v1/AUTH_bc8228b6673f488aa253bbcb03c80ec5/internal_photos/bs/2019/B/B/ieo3GmQSKvmbG7GmTzVg/img-7937.jpg" alt="Tite quer acabar com escrito de derrotas sem Casemiro &mdash; Foto: Eduardo Deconto" width="621" height="414" data-src="https://s2.glbimg.com/_RYaA21_RVDsMeCW2CIw9k7LjJE=/0x0:2736x1824/984x0/smart/filters:strip_icc()/i.s3.glbimg.com/v1/AUTH_bc8228b6673f488aa253bbcb03c80ec5/internal_photos/bs/2019/B/B/ieo3GmQSKvmbG7GmTzVg/img-7937.jpg" /></picture></div>\r\n<p class="content-media__description ">Tite quer acabar com escrito de derrotas sem Casemiro &mdash; Foto: Eduardo Deconto</p>\r\n</div>\r\n</div>\r\n<div class="mc-column content-text active-extra-styles " data-block-type="unstyled" data-block-weight="4" data-block-id="23">\r\n<p class="content-text__container " data-track-category="Link no Texto" data-track-links=""><strong>PREOCUPA N&Atilde;O TER CASEMIRO?</strong></p>\r\n</div>\r\n<div class="mc-column content-text active-extra-styles " data-block-type="unstyled" data-block-weight="13" data-block-id="24">\r\n<p class="content-text__container " data-track-category="Link no Texto" data-track-links="">&ndash; Grande desafio de mudar essa estat&iacute;stica (duas derrotas na aus&ecirc;ncia de Casemiro).</p>\r\n</div>\r\n<div class="mc-column content-text active-extra-styles " data-block-type="unstyled" data-block-weight="6" data-block-id="25">\r\n<p class="content-text__container " data-track-category="Link no Texto" data-track-links=""><strong>DISPUTA POR P&Ecirc;NALTIS (Cleber Xavier responde)</strong></p>\r\n</div>\r\n<div class="mc-column content-text active-extra-styles " data-block-type="unstyled" data-block-weight="31" data-block-id="26">\r\n<p class="content-text__container " data-track-category="Link no Texto" data-track-links="">&ndash; Treinamos, ficamos satisfeitos nos dois treinamentos. At&eacute; para bater p&ecirc;nalti a gente tem estrat&eacute;gia. Tem atleta que gosta de treinar mais, outros menos. Vamos treinar mais para essa quest&atilde;o espec&iacute;fica.</p>\r\n</div>\r\n<div class="mc-column content-text active-extra-styles " data-block-type="unstyled" data-block-weight="43" data-block-id="27">\r\n<p class="content-text__container " data-track-category="Link no Texto" data-track-links="">&ndash; Nunca vou estar tranquilo em cobran&ccedil;a de p&ecirc;nalti. &Eacute; injusto a penalidade m&aacute;xima. Personaliza sucesso ou fracasso. Marco Ant&ocirc;nio perdeu na final do Campeonato Brasileiro, ficou dois ou tr&ecirc;s dias fechado em casa. N&atilde;o queria encontrar com ningu&eacute;m - complementou Tite.</p>\r\n</div>\r\n<div class="mc-column content-text active-extra-styles " data-block-type="unstyled" data-block-weight="3" data-block-id="28">\r\n<p class="content-text__container " data-track-category="Link no Texto" data-track-links=""><strong>SEMANA DE TRABALHO</strong></p>\r\n</div>\r\n<div class="mc-column content-text active-extra-styles " data-block-type="unstyled" data-block-weight="75" data-block-id="29">\r\n<p class="content-text__container " data-track-category="Link no Texto" data-track-links="">&ndash; A gente sabe de todos os riscos que corremos contra o Peru. E mostrei os riscos que corremos. Teve, sim, grande atua&ccedil;&atilde;o. Mas nunca &eacute; 100% dominante. Estava 0 a 0 o jogo, e teve uma falta no lado. Se Marquinhos e Thiago Silva n&atilde;o fazem a fun&ccedil;&atilde;o, era uma jogada de gol. N&oacute;s sab&iacute;amos o perigo que corr&iacute;amos. Tem que saber absorver, mas sabe do processo de evolu&ccedil;&atilde;o e dos perigos que corremos.</p>\r\n</div>\r\n<div class="content-ads content-ads--reveal" data-block-type="ads" data-block-id="30">&nbsp;</div>\r\n<div class="mc-column content-text active-extra-styles " data-block-type="unstyled" data-block-weight="3" data-block-id="31">\r\n<p class="content-text__container " data-track-category="Link no Texto" data-track-links=""><strong>FUN&Ccedil;&Otilde;ES EM CAMPO</strong></p>\r\n</div>\r\n<div class="mc-column content-text active-extra-styles " data-block-type="unstyled" data-block-weight="93" data-block-id="32">\r\n<p class="content-text__container " data-track-category="Link no Texto" data-track-links="">&ndash; N&atilde;o s&oacute; sob o meu comando, mas o comando de qualquer profissional. O que tento trazer. Imagina um atleta executando uma posi&ccedil;&atilde;o, uma fun&ccedil;&atilde;o. Num momento de press&atilde;o do jogo, a&iacute; voc&ecirc; muda a fun&ccedil;&atilde;o do atleta. A&iacute; voc&ecirc; pega o atleta para fazer na Sele&ccedil;&atilde;o o que ele n&atilde;o faz no clube. Isso n&atilde;o &eacute; o Tite que est&aacute; falando, &eacute; empresarial... Troca um comentarista por um rep&oacute;rter, e troca uma equipe para n&atilde;o ver o que muda. O que o t&eacute;cnico precisa fazer: as fun&ccedil;&otilde;es que eles exercem no jogo.</p>\r\n</div>\r\n<div class="mc-column content-text active-extra-styles " data-block-type="unstyled" data-block-weight="2" data-block-id="33">\r\n<p class="content-text__container " data-track-category="Link no Texto" data-track-links=""><strong>ALTERNATIVAS T&Aacute;TICAS</strong></p>\r\n</div>\r\n<div data-track-category="multicontent" data-track-action="ultimo chunk conteudo" data-track-noninteraction="false" data-track-scroll="view">\r\n<div class="mc-column content-text active-extra-styles " data-block-type="unstyled" data-block-weight="59" data-block-id="34">\r\n<p class="content-text__container " data-track-category="Link no Texto" data-track-links="">&ndash; Eu n&atilde;o tenho essa clarivid&ecirc;ncia toda. Vou continuar n&atilde;o tendo. N&atilde;o &eacute; meu perfil. Acredito que podem ter jogadores que entram em uma posi&ccedil;&atilde;o com caracter&iacute;sticas diferente e a&iacute; eles emprestam essas caracter&iacute;sticas. N&atilde;o &eacute; seis por meia d&uacute;zia. &Agrave;s vezes entram em uma mesma posi&ccedil;&atilde;o, mas emprestam caracter&iacute;sticas diferentes. Pode ser na mesma posi&ccedil;&atilde;o, com caracter&iacute;sticas diferentes.</p>\r\n</div>\r\n</div>\r\n</div>\r\n<p>"&gt;</p>', '0d88a6ff9d0a8f7da62db4630e137e19.jpg', '2019-06-26', '19:56:33', 1, 1),
	(53, 'NBA estuda diminuição nos 82 jogos da temporada regular e inclusão de torneios extras', 'Executivos discutem ideias que podem ser aplicadas como teste no aniversário de 75 anos da liga, na temporada de 2021/22', '<div class="mc-column content-text active-extra-styles active-capital-letter" data-block-type="unstyled" data-block-weight="87" data-block-id="2">\r\n<p class="content-text__container theme-color-primary-first-letter" data-track-category="Link no Texto" data-track-links="">Demanda antiga de alguns setores ligados ao basquete nos Estados Unidos, a NBA come&ccedil;a a estudar a possibilidade de diminuir o tradicional n&uacute;mero de 82 jogos da temporada regular. A ideia dos executivos &eacute; usar o anivers&aacute;rio de 75 anos da liga, em 2021/22, para realizar alguns testes. H&aacute; projetos para realiza&ccedil;&atilde;o de uma Copa na metade do campeonato e um torneio na reta final, valendo algumas das vagas para os playoffs - mudan&ccedil;as que exigiriam a redu&ccedil;&atilde;o no n&uacute;mero atual de partidas da temporada regular.</p>\r\n</div>\r\n<div class="wall protected-content">\r\n<div class="mc-column content-text active-extra-styles " data-block-type="unstyled" data-block-weight="47" data-block-id="3">\r\n<p class="content-text__container " data-track-category="Link no Texto" data-track-links="">De acordo com o rep&oacute;rter Kevin Arnovitz, da ESPN americana, um comit&ecirc; se reuniu no &uacute;ltimo dia 12 de junho para come&ccedil;ar a discutir ideias. O objetivo seria propor algumas mudan&ccedil;as em formato piloto na temporada de 2021/22 e, posteriormente, avaliar a viabilidade de aplica&ccedil;&atilde;o definitiva.</p>\r\n</div>\r\n<div class="row medium-uncollapsed content-media content-photo" data-block-type="backstage-photo" data-block-id="4">\r\n<div class="mc-column content-media__container">\r\n<div class="progressive-img can-open-lightbox" data-min-size="1008x637" data-min-size-url="https://s2.glbimg.com/OauGOdJjlo4oqfNUGdHlFDS7Beg=/0x0:1500x948/1008x0/smart/filters:strip_icc()/s.glbimg.com/es/ge/f/original/2014/02/16/adamsilver_get_15.jpg" data-max-size="1600x1011" data-max-size-url="https://s2.glbimg.com/yyHXmjfao-RbxSDbbvm27M8eIq4=/0x0:1500x948/1600x0/smart/filters:strip_icc()/s.glbimg.com/es/ge/f/original/2014/02/16/adamsilver_get_15.jpg" data-media-index="1">\r\n<div class="placeholder-container">&nbsp;</div>\r\n<picture><img class="image content-media__image progressive-loaded" title="Comiss&aacute;rio da NBA, Adam Silver, tem planos de mudan&ccedil;as no calend&aacute;rio da liga nos pr&oacute;ximos anos &mdash; Foto: Getty Images" src="https://s2.glbimg.com/9atrU7z5uGllMFBPqkPmck5DhsI=/0x0:1500x948/984x0/smart/filters:strip_icc()/s.glbimg.com/es/ge/f/original/2014/02/16/adamsilver_get_15.jpg" alt="Comiss&aacute;rio da NBA, Adam Silver, tem planos de mudan&ccedil;as no calend&aacute;rio da liga nos pr&oacute;ximos anos &mdash; Foto: Getty Images" width="543" height="343" data-src="https://s2.glbimg.com/9atrU7z5uGllMFBPqkPmck5DhsI=/0x0:1500x948/984x0/smart/filters:strip_icc()/s.glbimg.com/es/ge/f/original/2014/02/16/adamsilver_get_15.jpg" /></picture></div>\r\n<p class="content-media__description ">Comiss&aacute;rio da NBA, Adam Silver, tem planos de mudan&ccedil;as no calend&aacute;rio da liga nos pr&oacute;ximos anos &mdash; Foto: Getty Images</p>\r\n<p class="content-media__description ">&nbsp;</p>\r\n</div>\r\n</div>\r\n<div class="mc-column content-text active-extra-styles " data-block-type="unstyled" data-block-weight="46" data-block-id="5">\r\n<p class="content-text__container " data-track-category="Link no Texto" data-track-links="">A ideia dos torneios adicionais tem entusiastas entre os executivos da liga. Por&eacute;m, seria complicado executar sem mexer na delicada quest&atilde;o dos 82 jogos da temporada regular, que envolve n&atilde;o apenas de tradi&ccedil;&atilde;o, mas que provocaria grande impacto nas estat&iacute;sticas e em importantes aspectos comerciais.</p>\r\n</div>\r\n<div class="mc-column content-text active-extra-styles " data-block-type="unstyled" data-block-weight="67" data-block-id="6">\r\n<p class="content-text__container " data-track-category="Link no Texto" data-track-links="">O fato &eacute; que a realiza&ccedil;&atilde;o dos 82 jogos na temporada regular vem sofrendo cr&iacute;ticas e provocando algumas rea&ccedil;&otilde;es nos &uacute;ltimos anos. H&aacute; preocupa&ccedil;&atilde;o com a quantidade de jogadores lesionados ou fora das melhores condi&ccedil;&otilde;es f&iacute;sicas durante os playoffs - per&iacute;odo mais importante do campeonato. Com isso, muitos times t&ecirc;m optado por poupar astros no decorrer da temporada, gerando um impacto negativo na comercializa&ccedil;&atilde;o das partidas.</p>\r\n</div>\r\n</div>', 'c85e8e02bad66560a518446dc68d0342.jpg', '2019-06-26', '20:02:25', 1, 2);
/*!40000 ALTER TABLE `noticia` ENABLE KEYS */;

/*!40101 SET SQL_MODE=IFNULL(@OLD_SQL_MODE, '') */;
/*!40014 SET FOREIGN_KEY_CHECKS=IF(@OLD_FOREIGN_KEY_CHECKS IS NULL, 1, @OLD_FOREIGN_KEY_CHECKS) */;
/*!40101 SET CHARACTER_SET_CLIENT=@OLD_CHARACTER_SET_CLIENT */;
